-- phpMyAdmin SQL Dump
-- version 4.5.1
-- http://www.phpmyadmin.net
--
-- Host: 127.0.0.1
-- Generation Time: Nov 15, 2016 at 07:28 AM
-- Server version: 10.1.16-MariaDB
-- PHP Version: 7.0.9

SET SQL_MODE = "NO_AUTO_VALUE_ON_ZERO";
SET time_zone = "+00:00";


/*!40101 SET @OLD_CHARACTER_SET_CLIENT=@@CHARACTER_SET_CLIENT */;
/*!40101 SET @OLD_CHARACTER_SET_RESULTS=@@CHARACTER_SET_RESULTS */;
/*!40101 SET @OLD_COLLATION_CONNECTION=@@COLLATION_CONNECTION */;
/*!40101 SET NAMES utf8mb4 */;

--
-- Database: `illiyin_rekrutmen`
--

-- --------------------------------------------------------

--
-- Table structure for table `applicants`
--

CREATE TABLE `applicants` (
  `id` int(10) UNSIGNED NOT NULL,
  `candidate_id` int(10) UNSIGNED NOT NULL,
  `job_opening_id` int(10) UNSIGNED NOT NULL,
  `created_at` timestamp NULL DEFAULT NULL,
  `updated_at` timestamp NULL DEFAULT NULL,
  `applicant_status_id` int(10) UNSIGNED NOT NULL,
  `sms_count` int(11) NOT NULL
) ENGINE=InnoDB DEFAULT CHARSET=utf8 COLLATE=utf8_unicode_ci;

--
-- Dumping data for table `applicants`
--

INSERT INTO `applicants` (`id`, `candidate_id`, `job_opening_id`, `created_at`, `updated_at`, `applicant_status_id`, `sms_count`) VALUES
(1, 1, 13, '2016-10-17 02:37:34', '2016-10-17 02:38:27', 3, 1);

-- --------------------------------------------------------

--
-- Table structure for table `applicant_statuses`
--

CREATE TABLE `applicant_statuses` (
  `id` int(10) UNSIGNED NOT NULL,
  `name` varchar(255) COLLATE utf8_unicode_ci NOT NULL,
  `open` varchar(255) COLLATE utf8_unicode_ci NOT NULL,
  `created_at` timestamp NULL DEFAULT NULL,
  `updated_at` timestamp NULL DEFAULT NULL
) ENGINE=InnoDB DEFAULT CHARSET=utf8 COLLATE=utf8_unicode_ci;

--
-- Dumping data for table `applicant_statuses`
--

INSERT INTO `applicant_statuses` (`id`, `name`, `open`, `created_at`, `updated_at`) VALUES
(1, 'Interview HR', 'open', '2016-05-27 07:00:00', '2016-06-28 07:00:00'),
(2, 'Psikotes', 'open', '2016-06-30 07:00:00', '2016-06-30 07:00:00'),
(3, 'Dipanggil', 'open', '2016-06-24 07:00:00', '2016-06-24 07:00:00'),
(4, 'Interview User', 'open', '2016-06-24 07:00:00', '2016-06-24 07:00:00'),
(5, 'Diterima', 'closed', '2016-06-24 07:00:00', '2016-06-24 07:00:00'),
(6, 'Ditolak', 'closed', '2016-06-24 07:00:00', '2016-06-24 07:00:00'),
(7, 'Medical Checkup', 'open', '2016-08-09 04:00:00', '2016-08-09 04:00:00'),
(8, 'Initial Status', 'open', '2016-10-16 04:00:00', '2016-10-16 04:00:00');

-- --------------------------------------------------------

--
-- Table structure for table `candidates`
--

CREATE TABLE `candidates` (
  `id` int(10) UNSIGNED NOT NULL,
  `name` varchar(255) COLLATE utf8_unicode_ci NOT NULL,
  `age` int(11) DEFAULT NULL,
  `email` varchar(255) COLLATE utf8_unicode_ci DEFAULT NULL,
  `phone` varchar(255) COLLATE utf8_unicode_ci NOT NULL,
  `membership_type` varchar(255) COLLATE utf8_unicode_ci NOT NULL,
  `cv_attachment` varchar(255) COLLATE utf8_unicode_ci DEFAULT NULL,
  `file_attachment` varchar(255) COLLATE utf8_unicode_ci DEFAULT NULL,
  `user_id` int(10) UNSIGNED DEFAULT NULL,
  `photo` varchar(255) COLLATE utf8_unicode_ci DEFAULT NULL,
  `created_at` timestamp NULL DEFAULT NULL,
  `updated_at` timestamp NULL DEFAULT NULL,
  `skills` text COLLATE utf8_unicode_ci NOT NULL,
  `KTP` varchar(255) COLLATE utf8_unicode_ci NOT NULL,
  `tanggal_lahir` date NOT NULL,
  `tempat_lahir_city_id` int(10) UNSIGNED DEFAULT NULL,
  `tempat_lahir_province_id` int(10) UNSIGNED NOT NULL,
  `alamat` text COLLATE utf8_unicode_ci,
  `domisili_city_id` int(10) UNSIGNED NOT NULL,
  `domisili_province_id` int(10) UNSIGNED NOT NULL,
  `pendidikan` text COLLATE utf8_unicode_ci NOT NULL,
  `jurusan_id` int(10) UNSIGNED DEFAULT NULL,
  `tahun_lulus` varchar(255) COLLATE utf8_unicode_ci NOT NULL,
  `tinggi_badan` int(11) NOT NULL,
  `berat_badan` int(11) NOT NULL,
  `gender` varchar(255) COLLATE utf8_unicode_ci NOT NULL,
  `candidate_status_id` int(10) UNSIGNED DEFAULT NULL,
  `agama_id` int(10) UNSIGNED NOT NULL,
  `no_registrasi` varchar(255) COLLATE utf8_unicode_ci DEFAULT NULL,
  `sekolah_id` int(10) UNSIGNED NOT NULL,
  `marriage_status_id` int(10) UNSIGNED NOT NULL,
  `NPWP` varchar(255) COLLATE utf8_unicode_ci NOT NULL,
  `average_ipk` double(8,2) NOT NULL,
  `ukuran_baju_id` int(10) UNSIGNED DEFAULT NULL,
  `ukuran_sepatu` int(10) UNSIGNED DEFAULT NULL,
  `kraeplin_test` double(5,2) DEFAULT NULL,
  `psikotest` varchar(255) COLLATE utf8_unicode_ci DEFAULT NULL,
  `interview` tinyint(1) DEFAULT NULL,
  `nilai_matematika` double(8,2) DEFAULT NULL,
  `nilai_bahasa_inggris` double(8,2) DEFAULT NULL,
  `nilai_bahasa_indonesia` double(8,2) DEFAULT NULL,
  `daya_tangkap` double(5,2) DEFAULT NULL,
  `kecerdasan` double(5,2) DEFAULT NULL,
  `review` double(5,2) DEFAULT NULL,
  `kemampuan_verbal` double(5,2) DEFAULT NULL,
  `kemampuan_numerik` double(5,2) DEFAULT NULL,
  `reasoning` double(5,2) DEFAULT NULL
) ENGINE=InnoDB DEFAULT CHARSET=utf8 COLLATE=utf8_unicode_ci;

--
-- Dumping data for table `candidates`
--

INSERT INTO `candidates` (`id`, `name`, `age`, `email`, `phone`, `membership_type`, `cv_attachment`, `file_attachment`, `user_id`, `photo`, `created_at`, `updated_at`, `skills`, `KTP`, `tanggal_lahir`, `tempat_lahir_city_id`, `tempat_lahir_province_id`, `alamat`, `domisili_city_id`, `domisili_province_id`, `pendidikan`, `jurusan_id`, `tahun_lulus`, `tinggi_badan`, `berat_badan`, `gender`, `candidate_status_id`, `agama_id`, `no_registrasi`, `sekolah_id`, `marriage_status_id`, `NPWP`, `average_ipk`, `ukuran_baju_id`, `ukuran_sepatu`, `kraeplin_test`, `psikotest`, `interview`, `nilai_matematika`, `nilai_bahasa_inggris`, `nilai_bahasa_indonesia`, `daya_tangkap`, `kecerdasan`, `review`, `kemampuan_verbal`, `kemampuan_numerik`, `reasoning`) VALUES
(1, 'Agus Budi', 0, 'agus.budi@domain.com', '085711559779', 'premium', '', '', 3, '', '2016-10-17 02:36:42', '2016-10-17 02:36:42', '', '1234567890', '2008-01-01', NULL, 2, NULL, 179, 5, 'S1/S2/S3', NULL, '2016', 170, 60, 'M', NULL, 7, NULL, 1, 1, '', 0.00, NULL, NULL, 0.00, 'Diterima', 0, 0.00, 0.00, 0.00, 0.00, 0.00, 0.00, 0.00, 0.00, 0.00);

-- --------------------------------------------------------

--
-- Table structure for table `candidate_histories`
--

CREATE TABLE `candidate_histories` (
  `id` int(10) UNSIGNED NOT NULL,
  `candidate_id` int(10) UNSIGNED NOT NULL,
  `position_id` int(10) UNSIGNED DEFAULT NULL,
  `what_he_did` text COLLATE utf8_unicode_ci,
  `from` date DEFAULT NULL,
  `until` date DEFAULT NULL,
  `created_at` timestamp NULL DEFAULT NULL,
  `updated_at` timestamp NULL DEFAULT NULL,
  `company_id` int(10) UNSIGNED NOT NULL
) ENGINE=InnoDB DEFAULT CHARSET=utf8 COLLATE=utf8_unicode_ci;

--
-- Dumping data for table `candidate_histories`
--

INSERT INTO `candidate_histories` (`id`, `candidate_id`, `position_id`, `what_he_did`, `from`, `until`, `created_at`, `updated_at`, `company_id`) VALUES
(1, 1, 8, NULL, '1970-01-01', '1970-01-01', '2016-10-17 02:36:42', '2016-10-17 02:36:42', 1);

-- --------------------------------------------------------

--
-- Table structure for table `candidate_statuses`
--

CREATE TABLE `candidate_statuses` (
  `id` int(10) UNSIGNED NOT NULL,
  `name` varchar(255) COLLATE utf8_unicode_ci NOT NULL
) ENGINE=InnoDB DEFAULT CHARSET=utf8 COLLATE=utf8_unicode_ci;

--
-- Dumping data for table `candidate_statuses`
--

INSERT INTO `candidate_statuses` (`id`, `name`) VALUES
(1, 'free'),
(2, 'member'),
(3, 'banned'),
(6, 'stock'),
(7, 'join');

-- --------------------------------------------------------

--
-- Table structure for table `cities`
--

CREATE TABLE `cities` (
  `id` int(10) UNSIGNED NOT NULL,
  `kabupaten_id` int(10) UNSIGNED NOT NULL,
  `name` varchar(255) COLLATE utf8_unicode_ci NOT NULL,
  `created_at` timestamp NULL DEFAULT NULL,
  `updated_at` timestamp NULL DEFAULT NULL
) ENGINE=InnoDB DEFAULT CHARSET=utf8 COLLATE=utf8_unicode_ci;

--
-- Dumping data for table `cities`
--

INSERT INTO `cities` (`id`, `kabupaten_id`, `name`, `created_at`, `updated_at`) VALUES
(4, 3, 'Jakarta Timur', '2016-09-22 11:34:23', '2016-09-22 11:34:23'),
(5, 4, 'Kepulauan Seribu', '2016-09-22 11:35:11', '2016-09-22 11:35:11'),
(6, 5, 'Jakarta Barat', '2016-09-22 11:35:39', '2016-09-22 11:35:39'),
(7, 6, 'Jakarta Selatan', '2016-09-22 11:36:38', '2016-09-22 11:36:38'),
(10, 7, 'Jakarta Utara', '2016-09-22 11:38:09', '2016-09-22 11:38:09'),
(11, 8, 'Jakarta Pusat', '2016-09-22 11:38:29', '2016-09-22 11:38:29'),
(12, 9, 'Aceh Barat', '2016-09-22 11:38:53', '2016-09-22 11:38:53'),
(13, 11, 'Aceh Barat Daya', '2016-09-22 11:39:20', '2016-09-22 11:39:20'),
(14, 12, 'Aceh Besar', '2016-09-22 11:39:37', '2016-09-22 11:39:37'),
(15, 13, 'Aceh Jaya', '2016-09-22 11:40:35', '2016-09-22 11:40:35'),
(16, 14, 'Aceh Selatan', '2016-09-22 11:40:55', '2016-09-22 11:40:55'),
(17, 15, 'Aceh Singkil', '2016-09-22 11:41:22', '2016-09-22 11:41:22'),
(18, 14, 'Aceh Selatan', '2016-09-22 11:41:40', '2016-09-22 11:41:40'),
(19, 16, 'Aceh Tamiang', '2016-09-22 11:42:16', '2016-09-22 11:42:16'),
(20, 17, 'Aceh Tengah', '2016-09-22 11:42:41', '2016-09-22 11:42:41'),
(21, 18, 'Aceh Tenggara', '2016-09-22 11:43:01', '2016-09-22 11:43:01'),
(22, 20, 'Aceh Timur', '2016-09-22 07:45:33', '2016-09-22 11:45:33'),
(23, 21, 'Aceh Utara', '2016-09-22 11:46:12', '2016-09-22 11:46:12'),
(24, 22, 'Bener Meriah', '2016-09-22 11:46:35', '2016-09-22 11:46:35'),
(25, 23, 'Bireuen', '2016-09-22 11:47:03', '2016-09-22 11:47:03'),
(26, 24, 'Gayo Lues', '2016-09-22 11:47:29', '2016-09-22 11:47:29'),
(27, 25, 'Gayan Raya', '2016-09-22 11:47:49', '2016-09-22 11:47:49'),
(28, 26, 'Pidie', '2016-09-22 11:48:13', '2016-09-22 11:48:13'),
(29, 27, 'Pidie Jaya', '2016-09-22 11:48:36', '2016-09-22 11:48:36'),
(30, 28, 'Simeulue', '2016-09-22 11:49:10', '2016-09-22 11:49:10'),
(31, 29, 'Banda Aceh', '2016-09-22 11:49:34', '2016-09-22 11:49:34'),
(32, 30, 'Langsa', '2016-09-22 11:49:58', '2016-09-22 11:49:58'),
(33, 31, 'Lhokseumawe', '2016-09-22 11:50:23', '2016-09-22 11:50:23'),
(34, 32, 'Sabang', '2016-09-22 11:50:47', '2016-09-22 11:50:47'),
(35, 33, 'Subulussalam', '2016-09-22 11:51:11', '2016-09-22 11:51:11'),
(36, 34, 'Asahan', '2016-09-22 11:51:38', '2016-09-22 11:51:38'),
(37, 35, 'Batubara', '2016-09-22 11:51:57', '2016-09-22 11:51:57'),
(38, 36, 'Dairi', '2016-09-22 11:52:22', '2016-09-22 11:52:22'),
(39, 264, 'Ngawi', '2016-09-23 03:39:57', '2016-09-23 03:39:57'),
(40, 181, 'Cirebon', '2016-09-28 07:26:46', '2016-09-28 11:26:46'),
(41, 37, 'Deli Serdang', '2016-09-28 11:33:09', '2016-09-28 11:33:09'),
(42, 38, 'Humbang Hasundutan', '2016-09-28 11:33:46', '2016-09-28 11:33:46'),
(43, 39, 'Karo', '2016-09-28 11:34:16', '2016-09-28 11:34:16'),
(44, 42, 'Labuhanbatu', '2016-09-28 11:34:44', '2016-09-28 11:34:44'),
(45, 43, 'Labuhanbatu Selatan', '2016-09-28 11:35:27', '2016-09-28 11:35:27'),
(46, 40, 'Labuhanbatu Utara', '2016-09-28 11:35:55', '2016-09-28 11:35:55'),
(47, 44, 'Langkat', '2016-09-28 11:36:23', '2016-09-28 11:36:23'),
(48, 45, 'Mandailing Natal', '2016-09-28 11:36:58', '2016-09-28 11:36:58'),
(49, 46, 'Nias', '2016-09-28 11:37:21', '2016-09-28 11:37:21'),
(50, 47, 'Nias Barat', '2016-09-28 11:37:57', '2016-09-28 11:37:57'),
(51, 49, 'Nias Utara', '2016-09-28 11:38:23', '2016-09-28 11:38:23'),
(52, 48, 'Nias Selatan', '2016-09-28 11:38:52', '2016-09-28 11:38:52'),
(53, 50, 'Padang Lawas', '2016-09-28 11:39:26', '2016-09-28 11:39:26'),
(54, 51, 'Padang Lawas Utara', '2016-09-28 11:40:06', '2016-09-28 11:40:06'),
(55, 52, 'Pakpak Barat', '2016-09-28 11:40:34', '2016-09-28 11:40:34'),
(56, 53, 'Samosir', '2016-09-28 11:41:03', '2016-09-28 11:41:03'),
(57, 54, 'Serdang Bedagai', '2016-09-28 07:41:48', '2016-09-28 11:41:48'),
(58, 55, 'Simalungun', '2016-09-28 11:42:54', '2016-09-28 11:42:54'),
(59, 56, 'Tapanuli Selatan', '2016-09-28 11:43:19', '2016-09-28 11:43:19'),
(60, 57, 'Tapanuli Tengah', '2016-09-28 11:44:01', '2016-09-28 11:44:01'),
(61, 58, 'Tapanuli Utara', '2016-09-28 11:44:22', '2016-09-28 11:44:22'),
(62, 59, 'Toba Samosir', '2016-09-28 11:44:53', '2016-09-28 11:44:53'),
(63, 60, 'Binjai', '2016-09-28 11:45:13', '2016-09-28 11:45:13'),
(64, 61, 'Gunung Sitoli', '2016-09-28 11:46:15', '2016-09-28 11:46:15'),
(65, 62, 'Medan', '2016-09-28 11:46:47', '2016-09-28 11:46:47'),
(66, 63, 'Padang Sidempuan', '2016-09-28 11:47:26', '2016-09-28 11:47:26'),
(67, 64, 'Pematangsiantar', '2016-09-28 11:47:57', '2016-09-28 11:47:57'),
(68, 65, 'Sibolga', '2016-09-28 11:48:18', '2016-09-28 11:48:18'),
(69, 66, 'Tanjung Balai', '2016-09-28 11:48:42', '2016-09-28 11:48:42'),
(70, 67, 'Tebing Tinggi', '2016-09-28 11:49:10', '2016-09-28 11:49:10'),
(71, 68, 'Agam', '2016-09-28 11:49:38', '2016-09-28 11:49:38'),
(72, 69, 'Dharmasraya', '2016-09-28 11:49:59', '2016-09-28 11:49:59'),
(73, 70, 'Kepulauan Mentawai', '2016-09-28 11:50:28', '2016-09-28 11:50:28'),
(74, 71, 'Lima Puluh Kota', '2016-09-28 11:50:59', '2016-09-28 11:50:59'),
(75, 72, 'Padang Pariaman', '2016-09-28 11:51:23', '2016-09-28 11:51:23'),
(76, 73, 'Pasaman', '2016-09-28 11:51:43', '2016-09-28 11:51:43'),
(77, 74, 'Pasaman Barat', '2016-09-28 11:52:02', '2016-09-28 11:52:02'),
(78, 75, 'Pesisir Selatan', '2016-09-28 11:52:26', '2016-09-28 11:52:26'),
(79, 76, 'Sijunjung', '2016-09-28 11:52:43', '2016-09-28 11:52:43'),
(80, 77, 'Solok', '2016-09-28 11:53:02', '2016-09-28 11:53:02'),
(81, 78, 'Solok Selatan', '2016-09-28 11:53:30', '2016-09-28 11:53:30'),
(82, 79, 'Tanah Datar', '2016-09-28 11:54:06', '2016-09-28 11:54:06'),
(83, 80, 'Bukittinggi', '2016-09-28 11:54:27', '2016-09-28 11:54:27'),
(84, 81, 'Padang', '2016-09-28 11:54:52', '2016-09-28 11:54:52'),
(85, 82, 'Padang Panjang', '2016-09-28 11:55:16', '2016-09-28 11:55:16'),
(86, 83, 'Pariaman', '2016-09-28 11:56:06', '2016-09-28 11:56:06'),
(87, 84, 'Payakumbuh', '2016-09-28 11:56:31', '2016-09-28 11:56:31'),
(88, 85, 'Sawah Luntoh', '2016-09-28 11:57:06', '2016-09-28 11:57:06'),
(89, 86, 'Bengkalis', '2016-09-28 11:57:41', '2016-09-28 11:57:41'),
(90, 86, 'Bengkalis', '2016-09-28 11:57:47', '2016-09-28 11:57:47'),
(91, 87, 'Indragiri Hilir', '2016-09-28 11:58:14', '2016-09-28 11:58:14'),
(92, 88, 'Indragiri Hulu', '2016-09-28 11:58:57', '2016-09-28 11:58:57'),
(93, 89, 'Kampar', '2016-09-28 11:59:22', '2016-09-28 11:59:22'),
(94, 90, 'Kepulauan Meranti', '2016-09-28 12:00:22', '2016-09-28 12:00:22'),
(95, 91, 'Kuantan Singingi', '2016-09-28 12:01:03', '2016-09-28 12:01:03'),
(96, 92, 'Pelalawan', '2016-09-28 12:01:29', '2016-09-28 12:01:29'),
(97, 93, 'Rokan Hilir', '2016-09-28 12:02:00', '2016-09-28 12:02:00'),
(98, 94, 'Rokan Hulu', '2016-09-28 12:02:25', '2016-09-28 12:02:25'),
(99, 95, 'Siak', '2016-09-28 12:03:47', '2016-09-28 12:03:47'),
(100, 96, 'Dumai', '2016-09-28 12:04:17', '2016-09-28 12:04:17'),
(101, 97, 'Pekanbaru', '2016-09-28 12:04:54', '2016-09-28 12:04:54'),
(102, 98, 'Bintan', '2016-09-28 12:05:18', '2016-09-28 12:05:18'),
(103, 99, 'Karimun', '2016-09-28 12:05:49', '2016-09-28 12:05:49'),
(104, 100, 'Kepulauan Anambas', '2016-09-28 12:06:14', '2016-09-28 12:06:14'),
(105, 101, 'Lingga', '2016-09-28 12:06:34', '2016-09-28 12:06:34'),
(106, 102, 'Natuna', '2016-09-28 12:06:59', '2016-09-28 12:06:59'),
(107, 103, 'Batam', '2016-09-28 12:07:26', '2016-09-28 12:07:26'),
(108, 104, 'Tanjung Pinang', '2016-09-28 12:07:54', '2016-09-28 12:07:54'),
(109, 105, 'Batang Hari', '2016-09-28 12:08:15', '2016-09-28 12:08:15'),
(110, 106, 'Bungo', '2016-09-28 12:08:32', '2016-09-28 12:08:32'),
(111, 107, 'Kerinci', '2016-09-28 12:08:58', '2016-09-28 12:08:58'),
(112, 108, 'Merangin', '2016-09-28 12:09:26', '2016-09-28 12:09:26'),
(113, 109, 'Murao Jambi', '2016-09-28 12:09:59', '2016-09-28 12:09:59'),
(114, 110, 'Sarolangun', '2016-09-28 12:10:34', '2016-09-28 12:10:34'),
(115, 111, 'Tanjung Jabung Barat', '2016-09-28 12:13:19', '2016-09-28 12:13:19'),
(116, 112, 'Tanjung Jabung Timur', '2016-09-28 12:14:14', '2016-09-28 12:14:14'),
(117, 113, 'Tebo', '2016-09-28 12:15:17', '2016-09-28 12:15:17'),
(118, 114, 'Jambi', '2016-09-28 12:15:44', '2016-09-28 12:15:44'),
(119, 115, 'Sungai Penuh', '2016-09-28 12:16:10', '2016-09-28 12:16:10'),
(120, 116, 'Bengkulu Selatan', '2016-09-28 12:16:36', '2016-09-28 12:16:36'),
(121, 117, 'Bengkulu Tengah', '2016-09-28 12:16:59', '2016-09-28 12:16:59'),
(122, 118, 'Bengkulu Utara', '2016-09-28 12:17:31', '2016-09-28 12:17:31'),
(123, 119, 'Kaur', '2016-09-28 12:18:01', '2016-09-28 12:18:01'),
(124, 120, 'Kepahiang', '2016-09-28 12:18:37', '2016-09-28 12:18:37'),
(125, 122, 'Lebong', '2016-09-28 12:19:30', '2016-09-28 12:19:30'),
(126, 123, 'Mukomuko', '2016-09-28 12:20:06', '2016-09-28 12:20:06'),
(127, 124, 'Rejang Lebong', '2016-09-28 12:21:27', '2016-09-28 12:21:27'),
(128, 125, 'Seluma', '2016-09-28 12:22:42', '2016-09-28 12:22:42'),
(129, 126, 'Bengkulu', '2016-09-28 12:23:14', '2016-09-28 12:23:14'),
(130, 127, 'Banyuasin', '2016-09-28 12:23:37', '2016-09-28 12:23:37'),
(131, 128, 'Empat Lawang', '2016-09-28 12:24:26', '2016-09-28 12:24:26'),
(132, 129, 'Lahat', '2016-09-28 12:24:53', '2016-09-28 12:24:53'),
(133, 130, 'Muara Enim', '2016-09-28 12:25:17', '2016-09-28 12:25:17'),
(134, 131, 'Musi Banyuasin', '2016-09-28 12:25:47', '2016-09-28 12:25:47'),
(135, 132, 'Musi Rawas', '2016-09-28 12:26:19', '2016-09-28 12:26:19'),
(136, 134, 'Musi Rawas Utara', '2016-09-28 12:26:39', '2016-09-28 12:26:39'),
(137, 135, 'Ogan Ilir', '2016-09-28 12:27:02', '2016-09-28 12:27:02'),
(138, 136, 'Ogan Komering Ilir', '2016-09-28 12:27:31', '2016-09-28 12:27:31'),
(139, 137, 'Ogan Komering Ulu', '2016-09-28 12:27:54', '2016-09-28 12:27:54'),
(140, 138, 'Ogan Komering Ulu Selatan', '2016-09-28 12:28:36', '2016-09-28 12:28:36'),
(141, 139, 'Ogan Komering Ulu Timur', '2016-09-28 12:29:07', '2016-09-28 12:29:07'),
(142, 140, 'Penukal Abab Lematang Ilir', '2016-09-28 12:56:23', '2016-09-28 12:56:23'),
(143, 141, 'Lubuklinggau', '2016-09-28 12:56:52', '2016-09-28 12:56:52'),
(144, 142, 'Pagar Alam', '2016-09-28 12:57:39', '2016-09-28 12:57:39'),
(145, 143, 'Palembang', '2016-09-28 12:58:10', '2016-09-28 12:58:10'),
(146, 144, 'Prabumulih', '2016-09-28 12:58:32', '2016-09-28 12:58:32'),
(147, 145, 'Bangka', '2016-09-28 12:58:46', '2016-09-28 12:58:46'),
(148, 146, 'Bangka Barat', '2016-09-28 12:59:12', '2016-09-28 12:59:12'),
(149, 147, 'Bangka Selatan', '2016-09-28 12:59:45', '2016-09-28 12:59:45'),
(150, 148, 'Bangka Tengah', '2016-09-28 13:00:22', '2016-09-28 13:00:22'),
(151, 149, 'Belitung', '2016-09-28 13:00:50', '2016-09-28 13:00:50'),
(152, 150, 'Belitung Timur', '2016-09-28 13:01:38', '2016-09-28 13:01:38'),
(153, 151, 'Pangkal Pinang', '2016-09-28 13:02:30', '2016-09-28 13:02:30'),
(154, 152, 'Lampung Barat', '2016-09-28 13:02:53', '2016-09-28 13:02:53'),
(155, 153, 'Lampung Selatan', '2016-09-28 13:03:26', '2016-09-28 13:03:26'),
(156, 154, 'Lampung Tengah', '2016-09-28 13:03:50', '2016-09-28 13:03:50'),
(157, 155, 'Lampung Timur', '2016-09-28 13:04:20', '2016-09-28 13:04:20'),
(158, 156, 'Lampung Utara', '2016-09-28 13:04:49', '2016-09-28 13:04:49'),
(159, 157, 'Mesuji', '2016-09-28 13:05:23', '2016-09-28 13:05:23'),
(160, 158, 'Pesawaran', '2016-09-28 13:05:46', '2016-09-28 13:05:46'),
(161, 159, 'Pesisir Barat', '2016-09-28 13:07:49', '2016-09-28 13:07:49'),
(162, 160, 'Pringsewu', '2016-09-28 13:08:38', '2016-09-28 13:08:38'),
(163, 162, 'Tulang Bawang', '2016-09-28 13:09:52', '2016-09-28 13:09:52'),
(164, 161, 'Tanggamus', '2016-09-28 13:10:20', '2016-09-28 13:10:20'),
(165, 163, 'Tulang Bawang Barat', '2016-09-28 13:10:44', '2016-09-28 13:10:44'),
(166, 164, 'Way Kanan', '2016-09-28 13:11:20', '2016-09-28 13:11:20'),
(167, 165, 'Bandar Lampung', '2016-09-28 13:12:14', '2016-09-28 13:12:14'),
(168, 166, 'Metro', '2016-09-28 13:12:33', '2016-09-28 13:12:33'),
(169, 167, 'Lebak', '2016-09-28 13:12:48', '2016-09-28 13:12:48'),
(170, 168, 'Pandeglang', '2016-09-28 13:13:12', '2016-09-28 13:13:12'),
(171, 169, 'Serang', '2016-09-28 13:13:29', '2016-09-28 13:13:29'),
(172, 170, 'Tangerang', '2016-09-28 13:14:02', '2016-09-28 13:14:02'),
(173, 171, 'Cilegon', '2016-09-28 13:14:37', '2016-09-28 13:14:37'),
(174, 172, 'Serang Kota', '2016-09-28 13:14:57', '2016-09-28 13:14:57'),
(175, 173, 'Tangerang Kota', '2016-09-28 13:15:14', '2016-09-28 13:15:14'),
(176, 174, 'Tangerang Selatan', '2016-09-28 13:15:36', '2016-09-28 13:15:36'),
(177, 175, 'Bandung', '2016-09-28 13:15:59', '2016-09-28 13:15:59'),
(178, 176, 'Bandung Barat', '2016-09-28 13:16:24', '2016-09-28 13:16:24'),
(179, 177, 'Bekasi', '2016-09-28 13:17:19', '2016-09-28 13:17:19'),
(180, 178, 'Bogor', '2016-09-28 13:17:35', '2016-09-28 13:17:35'),
(181, 179, 'Ciamis', '2016-09-28 13:17:54', '2016-09-28 13:17:54'),
(182, 180, 'Cianjur', '2016-09-28 13:18:30', '2016-09-28 13:18:30'),
(183, 182, 'Garut', '2016-09-28 13:18:49', '2016-09-28 13:18:49'),
(184, 183, 'Indramayu', '2016-09-28 13:19:20', '2016-09-28 13:19:20'),
(185, 184, 'Karawang', '2016-09-28 13:19:59', '2016-09-28 13:19:59'),
(186, 185, 'Kuningan', '2016-09-28 13:20:27', '2016-09-28 13:20:27'),
(187, 186, 'Majalengka', '2016-09-28 13:21:04', '2016-09-28 13:21:04'),
(188, 187, 'Pangandaran', '2016-09-28 13:21:37', '2016-09-28 13:21:37'),
(189, 188, 'Purwakarta', '2016-09-28 13:22:03', '2016-09-28 13:22:03'),
(190, 189, 'Subang', '2016-09-28 13:22:30', '2016-09-28 13:22:30'),
(191, 190, 'Sukabumi', '2016-09-28 13:23:01', '2016-09-28 13:23:01'),
(192, 191, 'Sumedang', '2016-09-28 13:23:36', '2016-09-28 13:23:36'),
(193, 192, 'Tasikmalaya', '2016-09-28 13:24:02', '2016-09-28 13:24:02'),
(194, 193, 'Bandung Kota', '2016-09-28 13:25:06', '2016-09-28 13:25:06'),
(195, 194, 'Banjar', '2016-09-28 13:25:38', '2016-09-28 13:25:38'),
(196, 196, 'Bogor Kota', '2016-09-28 13:26:52', '2016-09-28 13:26:52'),
(197, 197, 'Cimahi', '2016-09-28 13:27:30', '2016-09-28 13:27:30'),
(198, 198, 'Cirebon Kota', '2016-09-28 13:28:04', '2016-09-28 13:28:04'),
(199, 199, 'Depok', '2016-09-28 13:28:25', '2016-09-28 13:28:25'),
(200, 208, 'Banjarnegara', '2016-09-28 13:29:24', '2016-09-28 13:29:24'),
(201, 209, 'Banyumas', '2016-09-28 13:29:55', '2016-09-28 13:29:55'),
(202, 210, 'Batang', '2016-09-28 13:30:11', '2016-09-28 13:30:11'),
(203, 211, 'Blora', '2016-09-28 13:30:31', '2016-09-28 13:30:31'),
(204, 212, 'Boyolali', '2016-09-28 13:31:00', '2016-09-28 13:31:00'),
(205, 213, 'Brebes', '2016-09-28 13:31:24', '2016-09-28 13:31:24'),
(206, 214, 'Cilacap', '2016-09-28 13:32:03', '2016-09-28 13:32:03'),
(207, 215, 'Demak', '2016-09-28 13:32:39', '2016-09-28 13:32:39'),
(208, 216, 'Grobogan', '2016-09-28 13:33:03', '2016-09-28 13:33:03'),
(209, 217, 'Jepara', '2016-09-28 13:33:40', '2016-09-28 13:33:40'),
(210, 218, 'Karanganyar', '2016-09-28 13:34:07', '2016-09-28 13:34:07'),
(211, 219, 'Kebumen', '2016-09-28 13:34:38', '2016-09-28 13:34:38'),
(212, 220, 'Kendal', '2016-09-28 13:35:02', '2016-09-28 13:35:02'),
(213, 221, 'Klaten', '2016-09-28 13:35:29', '2016-09-28 13:35:29'),
(214, 222, 'Kudus', '2016-09-28 13:35:57', '2016-09-28 13:35:57'),
(215, 223, 'Magelang', '2016-09-28 13:36:32', '2016-09-28 13:36:32'),
(216, 224, 'Pati', '2016-09-28 13:37:12', '2016-09-28 13:37:12'),
(217, 225, 'Pekalongan', '2016-09-28 13:37:38', '2016-09-28 13:37:38'),
(218, 226, 'Pemalang', '2016-09-28 13:38:14', '2016-09-28 13:38:14'),
(219, 227, 'Purbalingga', '2016-09-28 13:38:58', '2016-09-28 13:38:58'),
(220, 228, 'Purworejo', '2016-09-28 13:40:46', '2016-09-28 13:40:46'),
(221, 229, 'Rembang', '2016-09-28 13:41:07', '2016-09-28 13:41:07'),
(222, 230, 'Semarang', '2016-09-28 13:41:59', '2016-09-28 13:41:59'),
(223, 231, 'Sragen', '2016-09-28 13:42:42', '2016-09-28 13:42:42'),
(224, 232, 'Sukoharjo', '2016-09-28 13:43:12', '2016-09-28 13:43:12'),
(225, 233, 'Tegal', '2016-09-28 13:43:36', '2016-09-28 13:43:36'),
(226, 234, 'Temanggung', '2016-09-28 13:44:06', '2016-09-28 13:44:06'),
(227, 235, 'Wonogiri', '2016-09-28 13:44:48', '2016-09-28 13:44:48'),
(228, 236, 'Wonosobo', '2016-09-28 13:45:41', '2016-09-28 13:45:41'),
(229, 243, 'Bantul', '2016-09-28 13:46:28', '2016-09-28 13:46:28'),
(230, 244, 'Gunungkidul', '2016-09-28 13:46:55', '2016-09-28 13:46:55'),
(231, 245, 'Kulon Progo', '2016-09-28 13:47:37', '2016-09-28 13:47:37'),
(232, 246, 'Sleman', '2016-09-28 13:48:12', '2016-09-28 13:48:12'),
(233, 247, 'Yogyakarta', '2016-09-28 13:48:47', '2016-09-28 13:48:47'),
(234, 248, 'Bangkalan', '2016-09-28 13:49:13', '2016-09-28 13:49:13'),
(235, 249, 'Banyuwangi', '2016-09-28 13:50:00', '2016-09-28 13:50:00'),
(236, 250, 'Blitar', '2016-09-28 13:50:37', '2016-09-28 13:50:37'),
(237, 251, 'Bojonegoro', '2016-09-28 13:51:13', '2016-09-28 13:51:13'),
(238, 252, 'Bondowoso', '2016-09-28 13:51:56', '2016-09-28 13:51:56'),
(239, 253, 'Gresik', '2016-09-28 13:52:26', '2016-09-28 13:52:26'),
(240, 254, 'Jember', '2016-09-28 13:52:44', '2016-09-28 13:52:44'),
(241, 255, 'Jombang', '2016-09-28 13:53:29', '2016-09-28 13:53:29'),
(242, 279, 'Kediri', '2016-09-28 13:53:48', '2016-09-28 13:53:48'),
(243, 257, 'Lamongan', '2016-09-28 13:56:25', '2016-09-28 13:56:25'),
(244, 259, 'Madiun', '2016-09-28 13:57:58', '2016-09-28 13:57:58'),
(245, 260, 'Magetan', '2016-09-28 13:58:57', '2016-09-28 13:58:57'),
(246, 261, 'Malang', '2016-09-28 13:59:37', '2016-09-28 13:59:37'),
(247, 262, 'Mojokerto', '2016-09-28 14:00:11', '2016-09-28 14:00:11'),
(248, 263, 'Nganjuk', '2016-09-28 14:00:46', '2016-09-28 14:00:46'),
(249, 265, 'Pacitan', '2016-09-28 14:01:10', '2016-09-28 14:01:10'),
(250, 266, 'Pamekasan', '2016-09-28 14:01:33', '2016-09-28 14:01:33'),
(251, 267, 'Pasuruan', '2016-09-28 14:02:15', '2016-09-28 14:02:15'),
(252, 268, 'Ponorogo', '2016-09-28 14:03:01', '2016-09-28 14:03:01'),
(253, 269, 'Probolinggo', '2016-09-28 14:03:36', '2016-09-28 14:03:36'),
(254, 270, 'Sampang', '2016-09-28 14:03:59', '2016-09-28 14:03:59'),
(255, 271, 'Sidoarjo', '2016-09-28 14:04:28', '2016-09-28 14:04:28'),
(256, 272, 'Situbondo', '2016-09-28 14:05:05', '2016-09-28 14:05:05'),
(257, 273, 'Sumenep', '2016-09-28 14:06:06', '2016-09-28 14:06:06'),
(258, 274, 'Trenggalek', '2016-09-28 14:06:56', '2016-09-28 14:06:56'),
(259, 275, 'Tuban', '2016-09-28 14:07:34', '2016-09-28 14:07:34'),
(260, 276, 'Tulungagung', '2016-09-28 14:08:16', '2016-09-28 14:08:16'),
(261, 277, 'Batu', '2016-09-28 14:08:38', '2016-09-28 14:08:38'),
(262, 285, 'Surabaya', '2016-09-28 14:09:45', '2016-09-28 14:09:45'),
(263, 286, 'Bima', '2016-09-28 14:10:06', '2016-09-28 14:10:06'),
(264, 287, 'Dompu', '2016-09-28 14:10:41', '2016-09-28 14:10:41'),
(265, 288, 'Lombok Barat', '2016-09-28 14:11:08', '2016-09-28 14:11:08'),
(266, 289, 'Lombok Tengah', '2016-09-28 14:11:51', '2016-09-28 14:11:51'),
(267, 291, 'Lombok Utara', '2016-09-28 14:12:23', '2016-09-28 14:12:23'),
(268, 290, 'Lombok Timur', '2016-09-28 14:12:45', '2016-09-28 14:12:45'),
(269, 292, 'Sumbawa', '2016-09-28 14:13:05', '2016-09-28 14:13:05'),
(270, 293, 'Sumbawa Barat', '2016-09-28 14:13:43', '2016-09-28 14:13:43'),
(271, 295, 'Mataram', '2016-09-28 14:14:27', '2016-09-28 14:14:27'),
(272, 296, 'Alor', '2016-09-28 14:14:49', '2016-09-28 14:14:49'),
(273, 296, 'Alor', '2016-10-03 08:30:48', '2016-10-03 08:30:48'),
(274, 297, 'Belu', '2016-10-03 08:32:58', '2016-10-03 08:32:58'),
(275, 298, 'Ende', '2016-10-03 08:34:08', '2016-10-03 08:34:08'),
(276, 299, 'Flores Timur', '2016-10-03 08:35:05', '2016-10-03 08:35:05'),
(277, 300, 'Kupang', '2016-10-03 08:35:44', '2016-10-03 08:35:44'),
(278, 301, 'Lembata', '2016-10-03 08:36:15', '2016-10-03 08:36:15'),
(279, 302, 'Malaka', '2016-10-03 08:36:45', '2016-10-03 08:36:45'),
(280, 303, 'Manggarai', '2016-10-03 08:37:13', '2016-10-03 08:37:13'),
(281, 304, 'Manggarai Barat', '2016-10-03 08:37:52', '2016-10-03 08:37:52'),
(282, 305, 'Manggarai Timur', '2016-10-03 08:38:23', '2016-10-03 08:38:23'),
(283, 306, 'Ngada', '2016-10-03 08:39:06', '2016-10-03 08:39:06'),
(284, 307, 'Nagekeo', '2016-10-03 08:39:47', '2016-10-03 08:39:47'),
(285, 308, 'Rote Ndao', '2016-10-03 08:40:30', '2016-10-03 08:40:30'),
(286, 309, 'Sabu Raijua', '2016-10-03 08:41:13', '2016-10-03 08:41:13'),
(287, 310, 'Sikka', '2016-10-03 08:41:46', '2016-10-03 08:41:46'),
(288, 311, 'Sumba Barat', '2016-10-03 08:43:03', '2016-10-03 08:43:03'),
(289, 312, 'Sumba Barat Daya', '2016-10-03 08:44:52', '2016-10-03 08:44:52'),
(290, 313, 'Sumba Tengah', '2016-10-03 08:46:00', '2016-10-03 08:46:00'),
(291, 314, 'Sumba Timur', '2016-10-03 08:46:40', '2016-10-03 08:46:40'),
(292, 315, 'Timor Tengah Selatan', '2016-10-03 08:47:32', '2016-10-03 08:47:32'),
(293, 316, 'Timor Tengah Utara', '2016-10-03 08:48:32', '2016-10-03 08:48:32'),
(294, 317, 'Kupang Kota', '2016-10-03 08:49:21', '2016-10-03 08:49:21'),
(295, 318, 'Bengkayang', '2016-10-03 08:49:52', '2016-10-03 08:49:52'),
(296, 319, 'Kapuas Hulu', '2016-10-03 08:50:29', '2016-10-03 08:50:29'),
(297, 320, 'Kayong Utara', '2016-10-03 08:51:49', '2016-10-03 08:51:49'),
(298, 321, 'Ketapang', '2016-10-03 08:52:52', '2016-10-03 08:52:52'),
(299, 322, 'Kubu Raya', '2016-10-03 10:02:01', '2016-10-03 10:02:01'),
(300, 323, 'Landak', '2016-10-03 10:22:14', '2016-10-03 10:22:14'),
(301, 324, 'Melawi', '2016-10-03 10:29:58', '2016-10-03 10:29:58'),
(302, 325, 'Mempawah', '2016-10-03 10:30:28', '2016-10-03 10:30:28'),
(303, 326, 'Sambas', '2016-10-03 10:31:00', '2016-10-03 10:31:00'),
(304, 327, 'Sanggau', '2016-10-03 10:32:04', '2016-10-03 10:32:04'),
(305, 328, 'Sekadau', '2016-10-03 10:32:52', '2016-10-03 10:32:52'),
(306, 329, 'Sintang', '2016-10-03 10:33:29', '2016-10-03 10:33:29'),
(307, 330, 'Pontianak', '2016-10-03 10:34:04', '2016-10-03 10:34:04'),
(308, 331, 'Singkawang', '2016-10-03 10:34:59', '2016-10-03 10:34:59'),
(309, 332, 'Balangan', '2016-10-03 10:39:47', '2016-10-03 10:39:47'),
(310, 334, 'Barito Kuala', '2016-10-03 10:40:55', '2016-10-03 10:40:55'),
(311, 335, 'Hulu Sungai Selatan', '2016-10-03 10:42:18', '2016-10-03 10:42:18'),
(312, 336, 'Hulu Sungai Tengah', '2016-10-03 10:43:12', '2016-10-03 10:43:12'),
(313, 337, 'Hulu Sungai Utara', '2016-10-03 10:44:35', '2016-10-03 10:44:35'),
(314, 338, 'Kotabaru', '2016-10-03 10:46:43', '2016-10-03 10:46:43'),
(315, 339, 'Tabalong', '2016-10-03 10:51:43', '2016-10-03 10:51:43'),
(316, 340, 'Tanah Bumbu', '2016-10-03 10:53:17', '2016-10-03 10:53:17'),
(317, 341, 'Tanah Laut', '2016-10-03 10:54:08', '2016-10-03 10:54:08'),
(318, 342, 'Tapin', '2016-10-03 10:54:53', '2016-10-03 10:54:53'),
(319, 343, 'Banjarbaru', '2016-10-03 10:57:16', '2016-10-03 10:57:16'),
(320, 344, 'Banjarmasin', '2016-10-03 10:58:56', '2016-10-03 10:58:56'),
(321, 345, 'Barito Selatan', '2016-10-03 11:00:23', '2016-10-03 11:00:23'),
(322, 346, 'Barito Timur', '2016-10-03 11:01:00', '2016-10-03 11:01:00'),
(323, 347, 'Barito Utara', '2016-10-03 11:04:41', '2016-10-03 11:04:41'),
(324, 348, 'Gunung Mas', '2016-10-03 11:05:12', '2016-10-03 11:05:12'),
(325, 349, 'Kapuas', '2016-10-03 11:05:45', '2016-10-03 11:05:45'),
(326, 350, 'Katingan', '2016-10-03 11:06:14', '2016-10-03 11:06:14'),
(327, 351, 'Kotawaringin Barat', '2016-10-03 11:06:57', '2016-10-03 11:06:57'),
(328, 352, 'Kotawaringin Timur', '2016-10-03 11:07:25', '2016-10-03 11:07:25'),
(329, 353, 'Lamandau', '2016-10-03 11:07:52', '2016-10-03 11:07:52'),
(330, 354, 'Murung Raya', '2016-10-03 11:09:25', '2016-10-03 11:09:25'),
(331, 355, 'Pulang Pisau', '2016-10-03 11:10:36', '2016-10-03 11:10:36'),
(332, 356, 'Sukamara', '2016-10-03 11:12:41', '2016-10-03 11:12:41'),
(333, 357, 'Seruyan', '2016-10-03 11:14:24', '2016-10-03 11:14:24'),
(334, 358, 'Palangka Raya', '2016-10-03 11:15:34', '2016-10-03 11:15:34'),
(335, 359, 'Berau', '2016-10-03 11:16:49', '2016-10-03 11:16:49'),
(336, 360, 'Kutai Barat', '2016-10-03 11:22:30', '2016-10-03 11:22:30'),
(337, 361, 'Kutai Kartanegara', '2016-10-03 11:23:12', '2016-10-03 11:23:12'),
(338, 362, 'Kutai Timur', '2016-10-03 11:23:49', '2016-10-03 11:23:49'),
(339, 363, 'Mahakam Ulu', '2016-10-03 11:24:45', '2016-10-03 11:24:45'),
(340, 364, 'Paser', '2016-10-03 11:26:34', '2016-10-03 11:26:34'),
(341, 365, 'Penajam Paser Utara', '2016-10-03 11:27:28', '2016-10-03 11:27:28'),
(342, 366, 'Balikpapan', '2016-10-03 11:28:05', '2016-10-03 11:28:05'),
(343, 367, 'Bontang', '2016-10-03 11:29:11', '2016-10-03 11:29:11'),
(344, 368, 'Samarinda', '2016-10-03 11:32:13', '2016-10-03 11:32:13'),
(345, 369, 'Bulungan', '2016-10-03 11:32:52', '2016-10-03 11:32:52'),
(346, 370, 'Malinau', '2016-10-03 11:33:39', '2016-10-03 11:33:39'),
(347, 371, 'Nunukan', '2016-10-03 11:35:01', '2016-10-03 11:35:01'),
(348, 372, 'Tana Tidung', '2016-10-03 11:36:45', '2016-10-03 11:36:45'),
(349, 373, 'Tarakan', '2016-10-03 11:37:16', '2016-10-03 11:37:16'),
(350, 374, 'Boalemo', '2016-10-03 11:37:50', '2016-10-03 11:37:50'),
(351, 375, 'Bone Bolango', '2016-10-03 11:38:29', '2016-10-03 11:38:29'),
(352, 376, 'Gorontalo', '2016-10-03 11:40:57', '2016-10-03 11:40:57'),
(353, 377, 'Gorontalo Utara', '2016-10-03 11:42:01', '2016-10-03 11:42:01'),
(354, 378, 'Pohuwato', '2016-10-03 11:43:11', '2016-10-03 11:43:11'),
(355, 379, 'Gorontalo Kota', '2016-10-03 11:45:14', '2016-10-03 11:45:14'),
(356, 380, 'Bantaeng', '2016-10-03 11:45:59', '2016-10-03 11:45:59'),
(357, 381, 'Barru', '2016-10-03 11:47:48', '2016-10-03 11:47:48'),
(358, 382, 'Bone', '2016-10-03 11:49:53', '2016-10-03 11:49:53'),
(359, 383, 'Bulukumba', '2016-10-03 11:50:59', '2016-10-03 11:50:59'),
(360, 384, 'Enrekang', '2016-10-03 11:52:01', '2016-10-03 11:52:01'),
(361, 385, 'Gowa', '2016-10-03 11:54:23', '2016-10-03 11:54:23'),
(362, 386, 'Jeneponto', '2016-10-03 11:56:19', '2016-10-03 11:56:19'),
(363, 387, 'Kepulauan Selayar', '2016-10-03 11:59:30', '2016-10-03 11:59:30'),
(364, 389, 'Luwu Timur', '2016-10-03 12:01:30', '2016-10-03 12:01:30'),
(365, 388, 'Luwu', '2016-10-03 12:02:18', '2016-10-03 12:02:18'),
(366, 390, 'Luwu Utara', '2016-10-03 12:03:06', '2016-10-03 12:03:06'),
(367, 391, 'Maros', '2016-10-03 12:05:29', '2016-10-03 12:05:29'),
(368, 392, 'Pangkajene dan Kepulauan', '2016-10-03 12:06:29', '2016-10-03 12:06:29'),
(369, 393, 'Pinrang', '2016-10-03 12:09:29', '2016-10-03 12:09:29'),
(370, 394, 'Sidenreng Rappang', '2016-10-03 12:10:15', '2016-10-03 12:10:15'),
(371, 395, 'Sinjai', '2016-10-03 12:12:37', '2016-10-03 12:12:37'),
(372, 396, 'Soppeng', '2016-10-03 12:15:18', '2016-10-03 12:15:18'),
(373, 397, 'Takalar', '2016-10-03 12:16:06', '2016-10-03 12:16:06'),
(374, 398, 'Tana Toraja', '2016-10-03 12:16:51', '2016-10-03 12:16:51'),
(375, 399, 'Toraja Utara', '2016-10-03 12:17:55', '2016-10-03 12:17:55'),
(376, 400, 'Wajo', '2016-10-03 12:19:37', '2016-10-03 12:19:37'),
(377, 401, 'Makassar', '2016-10-03 12:20:59', '2016-10-03 12:20:59'),
(378, 402, 'Palopo', '2016-10-03 12:23:49', '2016-10-03 12:23:49'),
(379, 403, 'Parepare', '2016-10-03 12:25:15', '2016-10-03 12:25:15'),
(380, 404, 'Bombana', '2016-10-03 12:27:19', '2016-10-03 12:27:19'),
(381, 405, 'Buton', '2016-10-03 12:29:03', '2016-10-03 12:29:03'),
(382, 406, 'Buton Selatan', '2016-10-03 12:31:44', '2016-10-03 12:31:44'),
(383, 407, 'Buton Tengah', '2016-10-03 12:36:17', '2016-10-03 12:36:17'),
(384, 408, 'Buton Utara', '2016-10-03 12:37:54', '2016-10-03 12:37:54'),
(385, 409, 'Kolaka', '2016-10-03 12:40:55', '2016-10-03 12:40:55'),
(386, 410, 'Kolaka Timur', '2016-10-03 12:43:11', '2016-10-03 12:43:11'),
(387, 412, 'Konawe', '2016-10-03 12:45:27', '2016-10-03 12:45:27'),
(388, 413, 'Konawe Kepulauan', '2016-10-03 12:47:39', '2016-10-03 12:47:39'),
(389, 414, 'Konawe Selatan', '2016-10-03 12:49:21', '2016-10-03 12:49:21'),
(390, 415, 'Konawe Utara', '2016-10-03 12:52:24', '2016-10-03 12:52:24'),
(391, 416, 'Muna', '2016-10-03 12:53:34', '2016-10-03 12:53:34'),
(392, 417, 'Muna Barat', '2016-10-03 12:54:43', '2016-10-03 12:54:43'),
(393, 418, 'Wakatobi', '2016-10-03 12:56:18', '2016-10-03 12:56:18'),
(394, 419, 'Bau-Bau', '2016-10-03 12:58:45', '2016-10-03 12:58:45'),
(395, 420, 'Kendari', '2016-10-03 13:02:17', '2016-10-03 13:02:17'),
(396, 421, 'Banggai', '2016-10-03 13:34:51', '2016-10-03 13:34:51'),
(397, 422, 'Banggai Kepulauan', '2016-10-03 13:36:47', '2016-10-03 13:36:47'),
(398, 423, 'Banggai Laut', '2016-10-03 13:41:46', '2016-10-03 13:41:46'),
(399, 424, 'Buol', '2016-10-03 13:43:49', '2016-10-03 13:43:49'),
(400, 425, 'Donggala', '2016-10-03 13:47:22', '2016-10-03 13:47:22'),
(401, 426, 'Morowali', '2016-10-03 13:48:43', '2016-10-03 13:48:43'),
(402, 427, 'Morowali Utara', '2016-10-03 13:52:04', '2016-10-03 13:52:04'),
(403, 428, 'Parigi Moutong', '2016-10-03 13:53:36', '2016-10-03 13:53:36'),
(404, 429, 'Kabupaten Poso', '2016-10-03 13:54:46', '2016-10-03 13:54:46'),
(405, 430, 'Sigi', '2016-10-03 13:55:46', '2016-10-03 13:55:46'),
(406, 431, 'Tojo Una-Una', '2016-10-03 13:57:44', '2016-10-03 13:57:44'),
(407, 432, 'Tolitoli', '2016-10-03 14:01:26', '2016-10-03 14:01:26'),
(408, 434, 'Palu', '2016-10-03 14:03:20', '2016-10-03 14:03:20'),
(409, 435, 'Bolaang Mongondow', '2016-10-03 14:04:21', '2016-10-03 14:04:21'),
(410, 436, 'Kabupaten Bolaang Mongondow Selatan', '2016-10-03 14:06:07', '2016-10-03 14:06:07'),
(411, 437, 'Bolaang Mongondow Timur', '2016-10-03 14:07:49', '2016-10-03 14:07:49'),
(412, 438, 'Bolaang Mongondow Utara', '2016-10-03 14:08:37', '2016-10-03 14:08:37'),
(413, 439, 'Kepulauan Sangihe', '2016-10-03 14:10:16', '2016-10-03 14:10:16'),
(414, 440, 'Kepulauan Siau Tagulandang Biaro', '2016-10-03 14:11:48', '2016-10-03 14:11:48'),
(415, 441, 'Kepulauan Taulad', '2016-10-03 14:12:28', '2016-10-03 14:12:28'),
(416, 442, 'Minahasa', '2016-10-03 14:13:15', '2016-10-03 14:13:15'),
(417, 443, 'Minahasa Selatan', '2016-10-03 14:14:04', '2016-10-03 14:14:04'),
(418, 444, 'Minahasa Tenggara', '2016-10-03 14:15:42', '2016-10-03 14:15:42'),
(419, 445, 'Minahasa Utara', '2016-10-03 14:21:17', '2016-10-03 14:21:17'),
(420, 446, 'Bitung', '2016-10-03 14:23:17', '2016-10-03 14:23:17'),
(421, 447, 'Kotamobagu', '2016-10-03 14:24:26', '2016-10-03 14:24:26'),
(422, 448, 'Manado', '2016-10-03 14:26:09', '2016-10-03 14:26:09'),
(423, 449, 'Tomohon', '2016-10-03 14:27:47', '2016-10-03 14:27:47'),
(424, 450, 'Majene', '2016-10-03 14:29:16', '2016-10-03 14:29:16'),
(425, 451, 'Mamasa', '2016-10-03 14:31:52', '2016-10-03 14:31:52'),
(426, 452, 'Mamuju', '2016-10-03 14:37:31', '2016-10-03 14:37:31'),
(427, 453, 'Mamuju Tengah', '2016-10-03 14:38:52', '2016-10-03 14:38:52'),
(428, 454, 'Mamuju Utara', '2016-10-03 14:39:28', '2016-10-03 14:39:28'),
(429, 455, 'Polewali Mandar', '2016-10-03 14:40:31', '2016-10-03 14:40:31'),
(430, 467, 'Maluku Tenggara Barat', '2016-10-03 14:43:00', '2016-10-03 14:43:00'),
(431, 466, 'Maluku Tenggara', '2016-10-03 14:43:44', '2016-10-03 14:43:44'),
(432, 465, 'Maluku Tengah', '2016-10-03 14:45:23', '2016-10-03 14:45:23'),
(433, 463, 'Kepulauan Aru', '2016-10-04 04:47:30', '2016-10-04 04:47:30'),
(434, 462, 'Buru', '2016-10-04 04:48:19', '2016-10-04 04:48:19'),
(435, 464, 'Maluku Barat Daya', '2016-10-04 04:50:16', '2016-10-04 04:50:16'),
(436, 468, 'Seram Bagian Barat', '2016-10-04 04:52:25', '2016-10-04 04:52:25'),
(437, 469, 'Seram Bagian Timur', '2016-10-04 04:53:19', '2016-10-04 04:53:19'),
(438, 470, 'Ambon', '2016-10-04 04:55:52', '2016-10-04 04:55:52'),
(439, 471, 'Tual', '2016-10-04 04:57:15', '2016-10-04 04:57:15'),
(440, 472, 'Halmahera Barat', '2016-10-04 04:57:56', '2016-10-04 04:57:56'),
(441, 473, 'Halmahera Tengah', '2016-10-04 04:58:47', '2016-10-04 04:58:47'),
(442, 474, 'Halmahera Timur', '2016-10-04 05:00:51', '2016-10-04 05:00:51'),
(443, 476, 'Halmahera Utara', '2016-10-04 05:02:46', '2016-10-04 05:02:46'),
(444, 477, 'Kepulauan Sula', '2016-10-04 05:04:42', '2016-10-04 05:04:42'),
(445, 478, 'Pulau Morotai', '2016-10-04 05:06:50', '2016-10-04 05:06:50'),
(446, 479, 'Pulau Taliabu', '2016-10-04 05:07:33', '2016-10-04 05:07:33'),
(447, 480, 'Ternate', '2016-10-04 05:08:35', '2016-10-04 05:08:35'),
(448, 481, 'Tidore Kepulauan', '2016-10-04 05:11:29', '2016-10-04 05:11:29'),
(449, 482, 'Asmat', '2016-10-04 05:17:52', '2016-10-04 05:17:52'),
(450, 483, 'Biak Numfor', '2016-10-04 05:29:03', '2016-10-04 05:29:03'),
(451, 484, 'Boven Digoel', '2016-10-04 05:30:00', '2016-10-04 05:30:00'),
(452, 486, 'Deiyai', '2016-10-04 05:32:27', '2016-10-04 05:32:27'),
(453, 487, 'Dogiyai', '2016-10-04 05:59:59', '2016-10-04 05:59:59'),
(454, 488, 'Intan Jaya', '2016-10-04 06:01:36', '2016-10-04 06:01:36'),
(455, 489, 'Jayapura', '2016-10-04 06:05:13', '2016-10-04 06:05:13'),
(456, 490, 'Jayawijaya', '2016-10-04 06:06:03', '2016-10-04 06:06:03'),
(457, 491, 'Keerom', '2016-10-04 06:10:16', '2016-10-04 06:10:16'),
(458, 492, 'Kepulauan Yapen', '2016-10-04 06:22:14', '2016-10-04 06:22:14'),
(459, 493, 'Lanny Jaya', '2016-10-04 06:23:04', '2016-10-04 06:23:04'),
(460, 494, 'Memberamo Raya', '2016-10-04 06:28:38', '2016-10-04 06:28:38'),
(461, 495, 'Memberamo Tengah', '2016-10-04 06:32:33', '2016-10-04 06:32:33'),
(462, 496, 'Mappi', '2016-10-04 06:39:44', '2016-10-04 06:39:44'),
(463, 497, 'Merauke', '2016-10-04 06:48:59', '2016-10-04 06:48:59'),
(464, 498, 'Mimika', '2016-10-04 06:50:19', '2016-10-04 06:50:19'),
(465, 499, 'Nabire', '2016-10-04 06:57:46', '2016-10-04 06:57:46'),
(466, 500, 'Nduga', '2016-10-04 06:58:44', '2016-10-04 06:58:44'),
(467, 501, 'Paniai', '2016-10-04 07:00:10', '2016-10-04 07:00:10'),
(468, 502, 'Pegunungan Bintang', '2016-10-04 07:06:46', '2016-10-04 07:06:46'),
(469, 503, 'Puncak', '2016-10-04 07:07:27', '2016-10-04 07:07:27'),
(470, 504, 'Puncak Jaya', '2016-10-04 07:10:46', '2016-10-04 07:10:46'),
(471, 505, 'Sarmi', '2016-10-04 07:18:26', '2016-10-04 07:18:26'),
(472, 506, 'Supiori', '2016-10-04 07:19:21', '2016-10-04 07:19:21'),
(473, 507, 'Tolikara', '2016-10-04 07:22:25', '2016-10-04 07:22:25'),
(474, 508, 'Waropen', '2016-10-04 07:23:37', '2016-10-04 07:23:37'),
(475, 509, 'Yahukimo', '2016-10-04 07:34:05', '2016-10-04 07:34:05'),
(476, 510, 'Yalimo', '2016-10-04 07:36:11', '2016-10-04 07:36:11'),
(477, 512, 'Fakfak', '2016-10-04 07:36:49', '2016-10-04 07:36:49'),
(478, 513, 'Kaimana', '2016-10-04 07:44:52', '2016-10-04 07:44:52'),
(479, 514, 'Manokwari', '2016-10-04 07:47:49', '2016-10-04 07:47:49'),
(480, 515, 'Manokwari Selatan', '2016-10-04 07:49:04', '2016-10-04 07:49:04'),
(481, 517, 'Pegunungan Arfak', '2016-10-04 07:51:17', '2016-10-04 07:51:17'),
(482, 516, 'Maybrat', '2016-10-04 07:58:28', '2016-10-04 07:58:28'),
(483, 518, 'Raja Ampat', '2016-10-04 07:59:08', '2016-10-04 07:59:08'),
(484, 519, 'Sorong', '2016-10-04 08:00:26', '2016-10-04 08:00:26'),
(485, 520, 'Sorong Selatan', '2016-10-04 08:01:36', '2016-10-04 08:01:36'),
(486, 521, 'Tambrauw', '2016-10-04 08:02:46', '2016-10-04 08:02:46'),
(487, 522, 'Teluk Bintuni', '2016-10-04 08:03:55', '2016-10-04 08:03:55'),
(488, 523, 'Teluk Wondama', '2016-10-04 08:04:17', '2016-10-04 08:04:17'),
(489, 524, 'Sorong Kota', '2016-10-04 08:05:33', '2016-10-04 08:05:33'),
(490, 177, 'Cikarang', '2016-10-10 11:07:50', '2016-10-10 11:07:50');

-- --------------------------------------------------------

--
-- Table structure for table `clothing_sizes`
--

CREATE TABLE `clothing_sizes` (
  `id` int(10) UNSIGNED NOT NULL,
  `name` varchar(255) COLLATE utf8_unicode_ci NOT NULL
) ENGINE=MyISAM DEFAULT CHARSET=utf8 COLLATE=utf8_unicode_ci;

-- --------------------------------------------------------

--
-- Table structure for table `companies`
--

CREATE TABLE `companies` (
  `id` int(10) UNSIGNED NOT NULL,
  `name` varchar(255) COLLATE utf8_unicode_ci NOT NULL,
  `description` text COLLATE utf8_unicode_ci NOT NULL,
  `contact_person` varchar(255) COLLATE utf8_unicode_ci NOT NULL,
  `email` varchar(255) COLLATE utf8_unicode_ci NOT NULL,
  `phone` varchar(255) COLLATE utf8_unicode_ci NOT NULL,
  `enabled` tinyint(1) NOT NULL,
  `membership_type` varchar(255) COLLATE utf8_unicode_ci NOT NULL,
  `created_at` timestamp NULL DEFAULT NULL,
  `updated_at` timestamp NULL DEFAULT NULL
) ENGINE=InnoDB DEFAULT CHARSET=utf8 COLLATE=utf8_unicode_ci;

--
-- Dumping data for table `companies`
--

INSERT INTO `companies` (`id`, `name`, `description`, `contact_person`, `email`, `phone`, `enabled`, `membership_type`, `created_at`, `updated_at`) VALUES
(1, 'Astra Toyota', 'Perusahaan otomotif', 'Sari', 'sari@astra.com', '085711559779', 1, 'premium', '2016-10-17 01:31:28', '2016-10-17 01:31:28');

-- --------------------------------------------------------

--
-- Table structure for table `job_openings`
--

CREATE TABLE `job_openings` (
  `id` int(10) UNSIGNED NOT NULL,
  `company_id` int(10) UNSIGNED NOT NULL,
  `position_id` int(10) UNSIGNED NOT NULL,
  `enabled` tinyint(1) NOT NULL,
  `valid_until` date NOT NULL,
  `number_of_openings` int(11) NOT NULL,
  `salary` double(15,2) NOT NULL,
  `created_at` timestamp NULL DEFAULT NULL,
  `updated_at` timestamp NULL DEFAULT NULL,
  `job_opening_status_id` int(10) UNSIGNED NOT NULL,
  `age_min` int(11) NOT NULL,
  `age_max` int(11) NOT NULL,
  `domisili_city_id` int(10) UNSIGNED NOT NULL,
  `gender` varchar(255) COLLATE utf8_unicode_ci NOT NULL,
  `tinggi_badan` int(11) NOT NULL,
  `berat_badan` int(11) NOT NULL,
  `pendidikan` text COLLATE utf8_unicode_ci NOT NULL,
  `tahun_lulus` varchar(255) COLLATE utf8_unicode_ci NOT NULL,
  `marriage_status_id` int(10) UNSIGNED NOT NULL
) ENGINE=InnoDB DEFAULT CHARSET=utf8 COLLATE=utf8_unicode_ci;

--
-- Dumping data for table `job_openings`
--

INSERT INTO `job_openings` (`id`, `company_id`, `position_id`, `enabled`, `valid_until`, `number_of_openings`, `salary`, `created_at`, `updated_at`, `job_opening_status_id`, `age_min`, `age_max`, `domisili_city_id`, `gender`, `tinggi_badan`, `berat_badan`, `pendidikan`, `tahun_lulus`, `marriage_status_id`) VALUES
(13, 1, 8, 1, '2016-10-31', 2, 5000000.00, '2016-10-17 02:21:00', '2016-10-17 02:21:00', 1, 0, 0, 4, 'M', 0, 0, '', '', 1),
(14, 1, 8, 0, '2016-11-30', 6, 4000000.00, NULL, NULL, 1, 20, 28, 1, 'Pria', 170, 0, 'SMA/SMK Teknik\r\nD-3 Mesin\r\nS1 Teknik Mesin', '2015', 1);

-- --------------------------------------------------------

--
-- Table structure for table `job_opening_statuses`
--

CREATE TABLE `job_opening_statuses` (
  `id` int(10) UNSIGNED NOT NULL,
  `name` varchar(255) COLLATE utf8_unicode_ci NOT NULL,
  `created_at` timestamp NULL DEFAULT NULL,
  `updated_at` timestamp NULL DEFAULT NULL
) ENGINE=InnoDB DEFAULT CHARSET=utf8 COLLATE=utf8_unicode_ci;

--
-- Dumping data for table `job_opening_statuses`
--

INSERT INTO `job_opening_statuses` (`id`, `name`, `created_at`, `updated_at`) VALUES
(1, 'open', '2016-06-24 07:00:00', '2016-06-24 07:00:00'),
(2, 'closed', '2016-06-24 07:00:00', '2016-06-24 07:00:00');

-- --------------------------------------------------------

--
-- Table structure for table `kabupatens`
--

CREATE TABLE `kabupatens` (
  `id` int(10) UNSIGNED NOT NULL,
  `name` varchar(255) COLLATE utf8_unicode_ci NOT NULL,
  `province_id` int(10) UNSIGNED NOT NULL,
  `created_at` timestamp NULL DEFAULT NULL,
  `updated_at` timestamp NULL DEFAULT NULL
) ENGINE=InnoDB DEFAULT CHARSET=utf8 COLLATE=utf8_unicode_ci;

--
-- Dumping data for table `kabupatens`
--

INSERT INTO `kabupatens` (`id`, `name`, `province_id`, `created_at`, `updated_at`) VALUES
(3, 'Jakarta Timur', 4, '2016-08-19 13:04:46', '2016-08-19 13:04:46'),
(4, 'Kepulauan Seribu', 4, '2016-08-19 13:05:04', '2016-08-19 13:05:04'),
(5, 'Jakarta Barat', 4, '2016-08-19 13:05:28', '2016-08-19 13:05:28'),
(6, 'Jakarta Selatan', 4, '2016-08-19 13:06:20', '2016-08-19 13:06:20'),
(7, 'Jakarta Utara', 4, '2016-08-19 13:06:35', '2016-08-19 13:06:35'),
(8, 'Jakarta Pusat', 4, '2016-08-19 13:07:00', '2016-08-19 13:07:00'),
(9, 'Aceh Barat', 6, '2016-08-19 13:11:02', '2016-08-19 13:11:02'),
(11, 'Aceh Barat Daya', 6, '2016-08-19 13:15:20', '2016-08-19 13:15:20'),
(12, 'Aceh Besar', 6, '2016-08-19 13:15:57', '2016-08-19 13:15:57'),
(13, 'Aceh Jaya', 6, '2016-08-19 13:16:29', '2016-08-19 13:16:29'),
(14, 'Aceh Selatan', 6, '2016-08-19 13:16:47', '2016-08-19 13:16:47'),
(15, 'Aceh Singkil', 6, '2016-08-19 13:17:20', '2016-08-19 13:17:20'),
(16, 'Aceh Tamiang', 6, '2016-08-19 13:17:42', '2016-08-19 13:17:42'),
(17, 'Aceh Tengah', 6, '2016-08-19 13:18:03', '2016-08-19 13:18:03'),
(18, 'Aceh Tenggara', 6, '2016-08-19 13:18:33', '2016-08-19 13:18:33'),
(20, 'Aceh Timur', 6, '2016-08-19 13:21:59', '2016-08-19 13:21:59'),
(21, 'Aceh Utara', 6, '2016-08-19 13:22:31', '2016-08-19 13:22:31'),
(22, 'Bener Meriah', 6, '2016-08-19 13:23:16', '2016-08-19 13:23:16'),
(23, 'Bireuen', 6, '2016-08-19 13:24:09', '2016-08-29 06:52:29'),
(24, 'Gayo Lues', 6, '2016-08-19 13:24:39', '2016-08-19 13:24:39'),
(25, 'Nagan Raya', 6, '2016-08-19 13:25:29', '2016-08-19 13:25:29'),
(26, 'Pidie', 6, '2016-08-19 13:26:27', '2016-08-19 13:26:27'),
(27, 'Pidie Jaya', 6, '2016-08-19 13:26:50', '2016-08-19 13:26:50'),
(28, 'Simeulue', 6, '2016-08-19 13:27:32', '2016-08-19 13:27:32'),
(29, 'Banda Aceh', 6, '2016-08-19 13:28:14', '2016-08-19 13:28:14'),
(30, 'Langsa', 6, '2016-08-19 13:29:25', '2016-08-19 13:29:25'),
(31, 'Lhokseumawe', 6, '2016-08-19 13:30:21', '2016-08-19 13:30:21'),
(32, 'Sabang', 6, '2016-08-19 13:30:44', '2016-08-19 13:30:44'),
(33, 'Subulussalam', 6, '2016-08-19 13:31:11', '2016-08-19 13:31:11'),
(34, 'Asahan', 34, '2016-08-19 13:32:01', '2016-08-19 13:32:01'),
(35, 'Batubara', 34, '2016-08-19 13:32:48', '2016-08-19 13:32:48'),
(36, 'Dairi', 34, '2016-08-19 13:33:20', '2016-08-19 13:33:20'),
(37, 'Deli Serdang', 34, '2016-08-19 13:35:07', '2016-08-19 13:35:07'),
(38, 'Humbang Hasundutan', 34, '2016-08-19 13:35:52', '2016-08-19 13:35:52'),
(39, 'Karo', 34, '2016-08-19 13:36:14', '2016-08-19 13:36:14'),
(40, 'Labuhan Batu Utara', 34, '2016-08-19 13:36:55', '2016-08-19 13:36:55'),
(42, 'Labuhan Batu', 34, '2016-08-19 13:38:38', '2016-08-19 13:38:38'),
(43, 'Labuhan Batu Selatan', 34, '2016-08-19 13:39:16', '2016-08-19 13:39:16'),
(44, 'Langkat', 34, '2016-08-19 13:40:17', '2016-08-19 13:40:17'),
(45, 'Mandailing Natal', 34, '2016-08-19 13:40:39', '2016-08-19 13:40:39'),
(46, 'Nias', 34, '2016-08-19 13:41:02', '2016-08-19 13:41:02'),
(47, 'Nias Barat', 34, '2016-08-19 13:41:19', '2016-08-19 13:41:19'),
(48, 'Nias Selatan', 34, '2016-08-19 13:41:39', '2016-08-19 13:41:39'),
(49, 'Nias Utara', 34, '2016-08-19 13:41:56', '2016-08-19 13:41:56'),
(50, 'Padang Lawas', 34, '2016-08-19 13:42:24', '2016-08-19 13:42:24'),
(51, 'Padang Lawas Utara', 34, '2016-08-19 13:43:03', '2016-08-19 13:43:03'),
(52, 'Pakpak Barat', 34, '2016-08-19 13:43:44', '2016-08-19 13:43:44'),
(53, 'Samosir', 34, '2016-08-19 13:44:06', '2016-08-19 13:44:06'),
(54, 'Serdang Bedagai', 34, '2016-08-19 13:44:36', '2016-08-19 13:44:36'),
(55, 'Simalungun', 34, '2016-08-19 13:44:58', '2016-08-19 13:44:58'),
(56, 'Tapanuli Selatan', 34, '2016-08-19 13:45:22', '2016-08-19 13:45:22'),
(57, 'Tapanuli Tengah', 34, '2016-08-19 13:45:49', '2016-08-19 13:45:49'),
(58, 'Tapanuli Utara', 34, '2016-08-19 13:46:23', '2016-08-19 13:46:23'),
(59, 'Toba Samosir', 34, '2016-08-19 13:47:09', '2016-08-19 13:47:09'),
(60, 'Binjai', 34, '2016-08-19 13:47:30', '2016-08-19 13:47:30'),
(61, 'Gunung Sitoli', 34, '2016-08-19 13:48:07', '2016-08-19 13:48:07'),
(62, 'Medan', 34, '2016-08-19 13:48:25', '2016-08-19 13:48:25'),
(63, 'Padang Sidempuan', 34, '2016-08-19 13:48:45', '2016-08-19 13:48:45'),
(64, 'Pematang Siantar', 34, '2016-08-19 13:49:10', '2016-08-19 13:49:10'),
(65, 'Sibolga', 34, '2016-08-19 13:49:27', '2016-08-19 13:49:27'),
(66, 'Tanjung Balai', 34, '2016-08-19 13:49:44', '2016-08-19 13:49:44'),
(67, 'Tebing Tinggi', 34, '2016-08-19 13:50:08', '2016-08-19 13:50:08'),
(68, 'Agam', 32, '2016-08-22 07:35:30', '2016-08-22 07:35:30'),
(69, 'Dharmasraya', 32, '2016-08-22 07:35:59', '2016-08-22 07:35:59'),
(70, 'Kepulauan Mentawai', 32, '2016-08-22 07:36:26', '2016-08-22 07:36:26'),
(71, 'Lima Puluh Kota', 32, '2016-08-22 07:36:50', '2016-08-22 07:36:50'),
(72, 'Padang Pariaman', 32, '2016-08-22 07:37:19', '2016-08-22 07:37:19'),
(73, 'Pasaman', 32, '2016-08-22 07:37:53', '2016-08-22 07:37:53'),
(74, 'Pasaman Barat', 32, '2016-08-22 07:38:21', '2016-08-22 07:38:21'),
(75, 'Pesisir Selatan', 32, '2016-08-22 07:38:51', '2016-08-22 07:38:51'),
(76, 'Sijunjung', 32, '2016-08-22 07:39:11', '2016-08-22 07:39:11'),
(77, 'Solok', 32, '2016-08-22 07:39:31', '2016-08-22 07:39:31'),
(78, 'Solok Selatan', 32, '2016-08-22 07:39:49', '2016-08-22 07:39:49'),
(79, 'Tanah Datar', 32, '2016-08-22 07:40:26', '2016-08-22 07:40:26'),
(80, 'Bukittinggi ', 32, '2016-08-22 07:41:24', '2016-08-22 07:41:24'),
(81, 'Padang', 32, '2016-08-22 07:42:16', '2016-08-22 07:42:16'),
(82, 'Padang Panjang', 32, '2016-08-22 12:30:40', '2016-08-22 12:30:40'),
(83, 'Pariaman', 32, '2016-08-22 12:31:01', '2016-08-22 12:31:01'),
(84, 'Payakumbuh', 32, '2016-08-22 12:31:29', '2016-08-22 12:31:29'),
(85, 'Sawah Lunto', 32, '2016-08-22 12:31:47', '2016-08-22 12:31:47'),
(86, 'Bengkalis', 26, '2016-08-22 12:55:55', '2016-08-22 12:55:55'),
(87, 'Indragiri Hilir', 26, '2016-08-22 12:56:15', '2016-08-22 12:56:15'),
(88, 'Indragiri Hulu', 26, '2016-08-22 12:56:36', '2016-08-22 12:56:36'),
(89, 'Kampar', 26, '2016-08-22 12:56:51', '2016-08-22 12:56:51'),
(90, 'Kepulauan Meranti', 26, '2016-08-22 12:57:17', '2016-08-22 12:57:17'),
(91, 'Kuantan Singingi', 26, '2016-08-22 12:57:51', '2016-08-22 12:57:51'),
(92, 'Pelalawan', 26, '2016-08-22 13:06:06', '2016-08-22 13:06:06'),
(93, 'Rokan Hilir', 26, '2016-08-22 13:06:38', '2016-08-22 13:06:38'),
(94, 'Rokan Hulu', 26, '2016-08-22 13:07:06', '2016-08-22 13:07:06'),
(95, 'Siak', 26, '2016-08-22 13:07:21', '2016-08-22 13:07:21'),
(96, 'Dumai', 26, '2016-08-22 13:07:39', '2016-08-22 13:07:39'),
(97, 'Pekanbaru', 26, '2016-08-22 13:08:02', '2016-08-22 13:08:02'),
(98, 'Bintan', 18, '2016-08-22 13:10:40', '2016-08-22 13:10:40'),
(99, 'Karimun', 18, '2016-08-22 13:10:57', '2016-08-22 13:10:57'),
(100, 'Kepulauan Anambas', 18, '2016-08-22 13:11:21', '2016-08-22 13:11:21'),
(101, 'Lingga', 18, '2016-08-22 13:11:44', '2016-08-22 13:11:44'),
(102, 'Natuna', 18, '2016-08-22 13:12:06', '2016-08-22 13:12:06'),
(103, 'Batam', 18, '2016-08-22 13:12:32', '2016-08-22 13:12:32'),
(104, 'Tanjung Pinang', 18, '2016-08-22 13:12:51', '2016-08-22 13:12:51'),
(105, 'Batang Hari', 11, '2016-08-22 13:17:34', '2016-08-22 13:17:34'),
(106, 'Bungo', 11, '2016-08-22 13:17:57', '2016-08-22 13:17:57'),
(107, 'Kerinci', 11, '2016-08-22 13:18:53', '2016-08-22 13:18:53'),
(108, 'Merangin', 11, '2016-08-22 13:19:56', '2016-08-22 13:19:56'),
(109, 'Murao Jambi', 11, '2016-08-22 13:20:35', '2016-08-22 13:20:35'),
(110, 'Sarolangun', 11, '2016-08-22 13:22:35', '2016-08-22 13:22:35'),
(111, 'Tanjung Jabung Barat', 11, '2016-08-22 13:23:11', '2016-08-22 13:23:11'),
(112, 'Tanjung Jabung Timur', 11, '2016-08-22 13:23:40', '2016-08-29 06:52:03'),
(113, 'Tebo', 11, '2016-08-22 13:24:02', '2016-08-22 13:24:02'),
(114, 'Jambi', 11, '2016-08-22 13:24:22', '2016-08-22 13:24:22'),
(115, 'Sungai Penuh', 11, '2016-08-22 13:25:30', '2016-08-22 13:25:30'),
(116, 'Bengkulu Selatan', 9, '2016-08-22 13:26:08', '2016-08-22 13:26:08'),
(117, 'Bengkulu Tengah', 9, '2016-08-22 13:27:05', '2016-08-22 13:27:05'),
(118, 'Bengkulu Utara', 9, '2016-08-22 13:27:30', '2016-08-22 13:27:30'),
(119, 'Kaur', 9, '2016-08-22 13:27:45', '2016-08-22 13:27:45'),
(120, 'Kepahiang', 9, '2016-08-22 13:28:47', '2016-08-22 13:28:47'),
(121, 'Kepahiang', 9, '2016-08-22 13:28:52', '2016-08-22 13:28:52'),
(122, 'Lebong', 9, '2016-08-22 13:29:21', '2016-08-22 13:29:21'),
(123, 'Mukomuko', 9, '2016-08-22 13:30:14', '2016-08-22 13:30:14'),
(124, 'Rejang Lebong', 9, '2016-08-22 13:30:58', '2016-08-22 13:31:22'),
(125, 'Seluma', 9, '2016-08-22 13:32:05', '2016-08-22 13:32:05'),
(126, 'Bengkulu', 9, '2016-08-22 13:32:28', '2016-08-22 13:32:28'),
(127, 'Banyuasin', 33, '2016-08-22 13:33:16', '2016-08-22 13:33:16'),
(128, 'Empat Lawang', 33, '2016-08-22 13:34:24', '2016-08-22 13:34:24'),
(129, 'Lahat', 33, '2016-08-22 13:35:14', '2016-08-22 13:35:14'),
(130, 'Muara Enim', 33, '2016-08-22 13:36:08', '2016-08-22 13:36:08'),
(131, 'Musi Banyuasin', 33, '2016-08-22 13:36:38', '2016-08-22 13:36:38'),
(132, 'Musi Rawas', 33, '2016-08-22 13:37:30', '2016-08-22 13:37:30'),
(133, 'Musi Rawas', 33, '2016-08-22 13:37:30', '2016-08-22 13:37:30'),
(134, 'Musi Rawas Utara', 33, '2016-08-22 13:37:51', '2016-08-22 13:37:51'),
(135, 'Ogan Ilir', 33, '2016-08-22 13:38:29', '2016-08-22 13:38:29'),
(136, 'Ogan Komering Ilir', 33, '2016-08-22 13:38:57', '2016-08-22 13:38:57'),
(137, 'Ogan Komering Ulu', 33, '2016-08-22 13:40:42', '2016-08-22 13:41:53'),
(138, 'Ogan Komering Ulu Selatan', 33, '2016-08-22 13:42:31', '2016-08-22 13:42:31'),
(139, 'Ogan Komering Ulu Timur', 33, '2016-08-22 13:43:29', '2016-08-22 13:43:29'),
(140, 'Penukal Abab Lematang Ilir', 33, '2016-08-22 13:44:18', '2016-08-22 13:44:35'),
(141, 'Lubuklinggau', 33, '2016-08-22 13:47:06', '2016-08-22 13:47:06'),
(142, 'Pagar Alam', 33, '2016-08-22 13:49:13', '2016-08-22 13:49:13'),
(143, 'Palembang', 33, '2016-08-22 13:49:49', '2016-08-22 13:49:49'),
(144, 'Prabumulih', 33, '2016-08-22 13:51:24', '2016-08-22 13:51:24'),
(145, 'Bangka', 17, '2016-08-29 06:53:25', '2016-08-29 06:53:25'),
(146, 'Bangka Barat', 17, '2016-08-29 06:53:44', '2016-08-29 06:53:44'),
(147, 'Bangka Selatan', 17, '2016-08-29 06:54:04', '2016-08-29 06:54:04'),
(148, 'Bangka Tengah', 17, '2016-08-29 06:54:26', '2016-08-29 06:54:26'),
(149, 'Belitung', 17, '2016-08-29 06:54:59', '2016-08-29 06:54:59'),
(150, 'Belitung Timur', 17, '2016-08-29 06:55:16', '2016-08-29 06:55:31'),
(151, 'Pangkal Pinang', 17, '2016-08-29 06:59:13', '2016-08-29 06:59:13'),
(152, 'Lampung Barat', 19, '2016-08-29 06:59:36', '2016-08-29 06:59:36'),
(153, 'Lampung Selatan', 19, '2016-08-29 07:00:15', '2016-08-29 07:00:15'),
(154, 'Lampung Tengah', 19, '2016-08-29 07:00:37', '2016-08-29 07:00:37'),
(155, 'Lampung Timur', 19, '2016-08-29 07:00:54', '2016-08-29 07:00:54'),
(156, 'Lampung Utara', 19, '2016-08-29 07:01:12', '2016-08-29 07:01:12'),
(157, 'Mesuji', 19, '2016-08-29 07:01:31', '2016-08-29 07:01:31'),
(158, 'Pesawaran', 19, '2016-08-29 07:01:50', '2016-08-29 07:01:50'),
(159, 'Pesisir Barat', 19, '2016-08-29 07:02:07', '2016-08-29 07:02:07'),
(160, 'Pringsewu', 19, '2016-08-29 07:02:37', '2016-08-29 07:02:37'),
(161, 'Tanggamus', 19, '2016-08-29 07:02:56', '2016-08-29 07:02:56'),
(162, 'Tulang Bawang', 19, '2016-08-29 07:03:14', '2016-08-29 07:03:14'),
(163, 'Tulang Bawang Barat', 19, '2016-08-29 07:03:44', '2016-08-29 07:03:44'),
(164, 'Way Kanan', 19, '2016-08-29 08:44:07', '2016-08-29 08:44:07'),
(165, 'Bandar Lampung', 19, '2016-08-29 08:44:44', '2016-08-29 08:44:44'),
(166, 'Metro', 19, '2016-08-29 08:45:04', '2016-08-29 08:45:04'),
(167, 'Lebak', 8, '2016-08-29 08:45:30', '2016-08-29 08:45:30'),
(168, 'Pandeglang', 8, '2016-08-29 08:45:59', '2016-08-29 08:45:59'),
(169, 'Serang', 8, '2016-08-29 08:46:10', '2016-08-29 08:46:10'),
(170, 'Tangerang', 8, '2016-08-29 08:46:38', '2016-08-29 08:46:38'),
(171, 'Cilegon', 8, '2016-08-29 08:46:54', '2016-08-29 08:46:54'),
(172, 'Serang Kota', 8, '2016-08-29 08:47:19', '2016-08-29 08:47:19'),
(173, 'Tangerang Kota', 8, '2016-08-29 08:47:44', '2016-08-29 08:47:44'),
(174, 'Tangerang Selatan', 8, '2016-08-29 08:48:04', '2016-08-29 08:48:04'),
(175, 'Bandung', 5, '2016-08-29 08:48:52', '2016-08-29 08:48:52'),
(176, 'Bandung Barat', 5, '2016-08-29 08:49:07', '2016-08-29 08:49:07'),
(177, 'Bekasi', 5, '2016-08-29 08:49:22', '2016-08-29 08:49:22'),
(178, 'Bogor', 5, '2016-08-29 08:49:46', '2016-08-29 08:49:46'),
(179, 'Ciamis', 5, '2016-08-29 08:50:01', '2016-08-29 08:50:01'),
(180, 'Cianjur', 5, '2016-08-29 08:50:18', '2016-08-29 08:50:18'),
(181, 'Cirebon', 5, '2016-08-29 08:50:50', '2016-08-29 08:50:50'),
(182, 'Garut', 5, '2016-08-29 08:51:06', '2016-08-29 08:51:06'),
(183, 'Indramayu', 5, '2016-08-29 08:51:22', '2016-08-29 08:51:22'),
(184, 'Karawang', 5, '2016-08-29 08:51:38', '2016-08-29 08:51:38'),
(185, 'Kuningan', 5, '2016-08-29 08:51:55', '2016-08-29 08:51:55'),
(186, 'Majalengka', 5, '2016-08-29 08:52:39', '2016-08-29 08:52:39'),
(187, 'Pangandaran', 5, '2016-08-29 08:52:53', '2016-08-29 08:52:53'),
(188, 'Purwakarta', 5, '2016-08-29 08:53:04', '2016-08-29 08:53:04'),
(189, 'Subang', 5, '2016-08-29 08:53:18', '2016-08-29 08:53:18'),
(190, 'Sukabumi', 5, '2016-08-29 08:53:34', '2016-08-29 08:53:34'),
(191, 'Sumedang', 5, '2016-08-29 08:53:48', '2016-08-29 08:53:48'),
(192, 'Tasikmalaya', 5, '2016-08-29 08:54:04', '2016-08-29 08:54:04'),
(193, 'Bandung Kota', 5, '2016-08-29 08:54:21', '2016-08-29 08:54:21'),
(194, 'Banjar', 5, '2016-08-29 08:54:36', '2016-08-29 08:54:36'),
(195, 'Bekasi Kota', 5, '2016-08-29 08:54:50', '2016-08-29 08:54:50'),
(196, 'Bogor Kota', 5, '2016-08-29 08:55:06', '2016-08-29 08:55:06'),
(197, 'Cimahi', 5, '2016-08-29 08:55:21', '2016-08-29 08:55:21'),
(198, 'Cirebon Kota', 5, '2016-08-29 08:55:34', '2016-08-29 08:55:34'),
(199, 'Depok', 5, '2016-08-29 08:55:49', '2016-08-29 08:55:49'),
(200, 'Sukabumi Kota', 5, '2016-08-29 08:56:05', '2016-08-29 08:56:05'),
(201, 'Tasikmalaya Kota', 5, '2016-08-29 08:56:25', '2016-08-29 08:56:25'),
(202, 'Kabupaten Administrasi Kepulauan Seribu', 4, '2016-08-29 08:58:14', '2016-08-29 08:58:14'),
(203, 'Kota Administrasi Jakarta Barat', 4, '2016-08-29 08:58:31', '2016-08-29 08:58:31'),
(204, 'Kota Administrasi Jakarta Pusat', 4, '2016-08-29 08:58:43', '2016-08-29 08:58:43'),
(205, 'Kota Administrasi Jakarta Selatan', 4, '2016-08-29 08:58:52', '2016-08-29 08:58:52'),
(206, 'Kota Administrasi Jakarta Timur', 4, '2016-08-29 08:59:03', '2016-08-29 08:59:03'),
(207, ' 	Kota Administrasi Jakarta Utara', 4, '2016-08-29 08:59:12', '2016-08-29 08:59:12'),
(208, 'Banjarnegara', 3, '2016-08-29 11:58:21', '2016-08-29 11:58:21'),
(209, 'Banyumas', 3, '2016-08-29 11:58:34', '2016-08-29 11:58:34'),
(210, 'Batang', 3, '2016-08-29 11:58:48', '2016-08-29 11:58:48'),
(211, 'Blora', 3, '2016-08-29 12:01:11', '2016-08-29 12:01:11'),
(212, 'Boyolali', 3, '2016-08-29 12:01:22', '2016-08-29 12:01:22'),
(213, 'Brebes', 3, '2016-08-29 12:01:34', '2016-08-29 12:01:34'),
(214, 'Cilacap', 2, '2016-08-29 12:01:45', '2016-08-29 12:01:45'),
(215, 'Demak', 3, '2016-08-29 12:01:59', '2016-08-29 12:01:59'),
(216, 'Grobogan', 3, '2016-08-29 12:02:12', '2016-08-29 12:02:12'),
(217, 'Jepara', 3, '2016-08-29 12:02:26', '2016-08-29 12:02:26'),
(218, 'Karanganyar', 3, '2016-08-29 12:02:37', '2016-08-29 12:02:37'),
(219, 'Kebumen', 3, '2016-08-29 12:02:56', '2016-08-29 12:02:56'),
(220, 'Kendal', 3, '2016-08-29 12:03:39', '2016-08-29 12:03:39'),
(221, 'Klaten', 3, '2016-08-29 12:03:57', '2016-08-29 12:03:57'),
(222, 'Kudus', 3, '2016-08-29 12:04:11', '2016-08-29 12:04:11'),
(223, 'Magelang', 3, '2016-08-29 12:04:22', '2016-08-29 12:04:22'),
(224, 'Pati', 3, '2016-08-29 12:04:35', '2016-08-29 12:04:35'),
(225, 'Pekalongan', 3, '2016-08-29 12:04:48', '2016-08-29 12:04:48'),
(226, 'Pemalang', 3, '2016-08-29 12:05:05', '2016-08-29 12:05:05'),
(227, 'Purbalingga', 3, '2016-08-29 12:05:21', '2016-08-29 12:05:21'),
(228, 'Purworejo', 3, '2016-08-29 12:05:48', '2016-08-29 12:05:48'),
(229, 'Rembang', 3, '2016-08-29 12:05:59', '2016-08-29 12:05:59'),
(230, 'Semarang', 3, '2016-08-29 12:06:11', '2016-08-29 12:06:11'),
(231, 'Sragen', 3, '2016-08-29 12:06:23', '2016-08-29 12:06:23'),
(232, 'Sukoharjo', 3, '2016-08-29 12:06:46', '2016-08-29 12:06:46'),
(233, 'Tegal', 3, '2016-08-29 12:06:57', '2016-08-29 12:06:57'),
(234, 'Temanggung', 3, '2016-08-29 12:07:08', '2016-08-29 12:07:08'),
(235, 'Wonogiri', 3, '2016-08-29 12:07:20', '2016-08-29 12:07:20'),
(236, 'Wonosobo', 3, '2016-08-29 12:07:32', '2016-08-29 12:07:32'),
(237, 'Magelang Kota', 3, '2016-08-29 12:07:50', '2016-08-29 12:07:50'),
(238, 'Pekalongan Kota', 3, '2016-08-29 12:08:04', '2016-08-29 12:08:04'),
(239, 'Salatiga Kota', 3, '2016-08-29 12:08:21', '2016-08-29 12:08:21'),
(240, 'Semarang Kota', 3, '2016-08-29 12:08:33', '2016-08-29 12:08:33'),
(241, 'Surakarta Kota', 3, '2016-08-29 12:08:46', '2016-08-29 12:08:46'),
(242, 'Tegal Kota', 3, '2016-08-29 12:09:00', '2016-08-29 12:09:00'),
(243, 'Bantul', 35, '2016-08-29 12:09:25', '2016-08-29 12:09:25'),
(244, 'Gunungkidul', 35, '2016-08-29 12:09:40', '2016-08-29 12:09:40'),
(245, 'Kulon Progo', 35, '2016-08-29 12:09:57', '2016-08-29 12:09:57'),
(246, 'Sleman', 35, '2016-08-29 12:10:10', '2016-08-29 12:10:10'),
(247, 'Yogyakarta', 35, '2016-08-29 12:10:24', '2016-08-29 12:10:24'),
(248, 'Bangkalan', 2, '2016-08-29 12:21:34', '2016-08-29 12:21:34'),
(249, 'Banyuwangi', 2, '2016-08-29 12:21:49', '2016-08-29 12:21:49'),
(250, 'Blitar', 2, '2016-08-29 12:22:04', '2016-08-29 12:22:04'),
(251, 'Bojonegoro', 2, '2016-08-29 12:22:18', '2016-08-29 12:22:18'),
(252, 'Bondowoso', 2, '2016-08-29 12:22:29', '2016-08-29 12:22:29'),
(253, 'Gresik', 2, '2016-08-29 12:22:42', '2016-08-29 12:22:42'),
(254, 'Jember', 2, '2016-08-29 12:22:54', '2016-08-29 12:22:54'),
(255, 'Jombang', 2, '2016-08-29 12:23:10', '2016-08-29 12:23:10'),
(256, ' Kediri', 2, '2016-08-29 12:23:22', '2016-08-29 12:23:22'),
(257, 'Lamongan', 2, '2016-08-29 12:24:20', '2016-08-29 12:24:20'),
(258, 'Lumajang', 2, '2016-08-29 12:24:52', '2016-08-29 12:24:52'),
(259, 'Madiun', 2, '2016-08-29 12:25:10', '2016-08-29 12:25:10'),
(260, 'Magetan', 2, '2016-08-29 12:25:39', '2016-08-29 12:25:39'),
(261, 'Malang', 2, '2016-08-29 12:25:54', '2016-08-29 12:25:54'),
(262, 'Mojokerto', 2, '2016-08-29 12:26:10', '2016-08-29 12:26:10'),
(263, 'Nganjuk', 2, '2016-08-29 12:26:21', '2016-08-29 12:26:21'),
(264, 'Ngawi', 2, '2016-08-29 12:26:31', '2016-08-29 12:26:31'),
(265, 'Pacitan', 2, '2016-08-29 12:27:26', '2016-08-29 12:27:26'),
(266, 'Pamekasan', 2, '2016-08-29 12:27:39', '2016-08-29 12:27:39'),
(267, 'Pasuruan', 2, '2016-08-29 12:30:26', '2016-08-29 12:30:26'),
(268, 'Ponorogo', 2, '2016-08-29 12:30:38', '2016-08-29 12:30:38'),
(269, 'Probolinggo', 2, '2016-08-29 12:30:51', '2016-08-29 12:30:51'),
(270, 'Sampang 	', 2, '2016-08-29 12:31:15', '2016-08-29 12:31:15'),
(271, 'Sidoarjo', 2, '2016-08-29 12:31:27', '2016-08-29 12:31:27'),
(272, 'Situbondo', 2, '2016-08-29 12:31:40', '2016-08-29 12:31:40'),
(273, 'Sumenep', 2, '2016-08-29 12:31:53', '2016-08-29 12:31:53'),
(274, 'Trenggalek', 2, '2016-08-29 12:32:36', '2016-08-29 12:32:36'),
(275, 'Tuban', 2, '2016-08-29 12:32:50', '2016-08-29 12:32:50'),
(276, 'Tulungagung', 2, '2016-08-29 12:33:04', '2016-08-29 12:33:04'),
(277, 'Batu', 2, '2016-08-29 12:33:23', '2016-08-29 12:33:23'),
(278, 'Blitar', 2, '2016-08-29 12:33:36', '2016-08-29 12:33:36'),
(279, 'Kediri', 2, '2016-08-29 12:33:49', '2016-08-29 12:33:49'),
(280, 'Madiun Kota', 2, '2016-08-29 12:34:10', '2016-08-29 12:34:10'),
(281, 'Malang Kota', 2, '2016-08-29 12:34:41', '2016-08-29 12:34:41'),
(282, 'Mojokerto Kota', 2, '2016-08-29 12:35:00', '2016-08-29 12:35:00'),
(283, 'Pasuruan Kota', 2, '2016-08-29 12:35:17', '2016-08-29 12:35:17'),
(284, 'Probolinggo Kota', 2, '2016-08-29 12:35:36', '2016-08-29 12:35:36'),
(285, 'Surabaya', 2, '2016-08-29 12:35:57', '2016-08-29 12:35:57'),
(286, 'Bima', 22, '2016-08-29 12:36:34', '2016-08-29 12:36:34'),
(287, 'Dompu', 22, '2016-08-29 12:36:51', '2016-08-29 12:36:51'),
(288, 'Lombok Barat', 22, '2016-08-29 12:37:10', '2016-08-29 12:37:10'),
(289, 'Lombok Tengah', 22, '2016-08-29 12:37:28', '2016-08-29 12:37:28'),
(290, 'Lombok Timur', 22, '2016-08-29 12:37:48', '2016-08-29 12:37:48'),
(291, 'Lombok Utara', 22, '2016-08-29 12:38:13', '2016-08-29 12:38:13'),
(292, 'Sumbawa', 22, '2016-08-29 12:38:28', '2016-08-29 12:38:28'),
(293, 'Sumbawa Barat', 22, '2016-08-29 12:38:50', '2016-08-29 12:38:50'),
(294, 'Bima Kota', 22, '2016-08-29 12:39:37', '2016-08-29 12:39:37'),
(295, 'Mataram', 22, '2016-08-29 12:39:56', '2016-08-29 12:39:56'),
(296, 'Alor', 23, '2016-08-29 12:40:30', '2016-08-29 12:40:30'),
(297, 'Belu', 23, '2016-08-29 12:41:00', '2016-08-29 12:41:00'),
(298, 'Ende', 23, '2016-08-29 12:41:14', '2016-08-29 12:41:14'),
(299, 'Flores Timur', 23, '2016-08-29 12:41:27', '2016-08-29 12:41:27'),
(300, 'Kupang', 23, '2016-08-29 12:41:40', '2016-08-29 12:41:40'),
(301, 'Lembata', 23, '2016-08-29 12:41:55', '2016-08-29 12:41:55'),
(302, 'Malaka', 23, '2016-08-29 12:42:11', '2016-08-29 12:42:11'),
(303, 'Manggarai', 23, '2016-08-29 12:42:30', '2016-08-29 12:42:30'),
(304, 'Manggarai Barat', 23, '2016-08-29 12:42:45', '2016-08-29 12:42:45'),
(305, 'Manggarai Timur', 23, '2016-08-29 12:43:03', '2016-08-29 12:43:03'),
(306, 'Ngada', 23, '2016-08-29 12:43:47', '2016-08-29 12:43:47'),
(307, 'Nagekeo', 23, '2016-08-29 12:44:28', '2016-08-29 12:44:28'),
(308, 'Rote Ndao', 23, '2016-08-29 12:44:40', '2016-08-29 12:44:40'),
(309, 'Sabu Raijua', 23, '2016-08-29 12:44:52', '2016-08-29 12:44:52'),
(310, 'Sikka', 23, '2016-08-29 12:45:07', '2016-08-29 12:45:07'),
(311, 'Sumba Barat', 23, '2016-08-29 12:45:23', '2016-08-29 12:45:23'),
(312, 'Sumba Barat Daya', 23, '2016-08-29 12:45:37', '2016-08-29 12:45:37'),
(313, 'Sumba Tengah', 23, '2016-08-29 12:45:51', '2016-08-29 12:45:51'),
(314, 'Sumba Timur', 23, '2016-08-29 12:46:03', '2016-08-29 12:46:03'),
(315, 'Timor Tengah Selatan', 23, '2016-08-29 12:46:22', '2016-08-29 12:46:22'),
(316, 'Timor Tengah Utara', 23, '2016-08-29 12:46:37', '2016-08-29 12:46:37'),
(317, 'Kupang Kota', 23, '2016-08-29 12:46:52', '2016-08-29 12:46:52'),
(318, 'Bengkayang', 12, '2016-08-29 12:48:05', '2016-08-29 12:48:05'),
(319, 'Kapuas Hulu', 12, '2016-08-29 12:48:18', '2016-08-29 12:48:18'),
(320, 'Kayong Utara', 12, '2016-08-29 12:48:30', '2016-08-29 12:48:30'),
(321, 'Ketapang', 12, '2016-08-29 12:48:54', '2016-08-29 12:48:54'),
(322, 'Kubu Raya', 12, '2016-08-29 12:49:19', '2016-08-29 12:49:19'),
(323, 'Landak', 12, '2016-08-29 12:49:31', '2016-08-29 12:49:31'),
(324, 'Melawi', 12, '2016-08-29 12:49:43', '2016-08-29 12:49:43'),
(325, 'Mempawah', 12, '2016-08-29 12:49:55', '2016-08-29 12:49:55'),
(326, 'Sambas', 12, '2016-08-29 12:50:11', '2016-08-29 12:50:11'),
(327, 'Sanggau', 11, '2016-08-29 12:50:30', '2016-08-29 12:50:30'),
(328, 'Sekadau', 12, '2016-08-29 12:50:43', '2016-08-29 12:50:43'),
(329, 'Sintang', 12, '2016-08-29 12:50:54', '2016-08-29 12:50:54'),
(330, 'Pontianak', 12, '2016-08-29 12:51:06', '2016-08-29 12:51:06'),
(331, 'Singkawang', 12, '2016-08-29 12:51:20', '2016-08-29 12:51:20'),
(332, 'Balangan', 13, '2016-08-29 12:51:49', '2016-08-29 12:51:49'),
(333, 'Banjar', 13, '2016-08-29 12:52:03', '2016-08-29 12:52:03'),
(334, 'Barito Kuala', 13, '2016-08-29 12:52:39', '2016-08-29 12:52:39'),
(335, 'Hulu Sungai Selatan', 13, '2016-08-29 12:52:52', '2016-08-29 12:52:52'),
(336, 'Hulu Sungai Tengah', 13, '2016-08-29 12:53:04', '2016-08-29 12:53:04'),
(337, 'Hulu Sungai Utara', 12, '2016-08-29 12:53:18', '2016-08-29 12:53:18'),
(338, 'Kotabaru', 13, '2016-08-29 12:53:28', '2016-08-29 12:53:28'),
(339, 'Tabalong', 13, '2016-08-29 12:53:41', '2016-08-29 12:53:41'),
(340, 'Tanah Bumbu', 13, '2016-08-29 12:53:57', '2016-08-29 12:53:57'),
(341, 'Tanah Laut', 13, '2016-08-29 12:54:08', '2016-08-29 12:54:08'),
(342, 'Tapin', 13, '2016-08-29 12:54:21', '2016-08-29 12:54:21'),
(343, 'Banjarbaru', 13, '2016-08-29 12:54:32', '2016-08-29 12:54:32'),
(344, 'Banjarmasin', 13, '2016-08-29 12:54:46', '2016-08-29 12:54:46'),
(345, 'Barito Selatan', 14, '2016-08-29 12:55:40', '2016-08-29 12:55:40'),
(346, 'Barito Timur', 14, '2016-08-29 12:55:52', '2016-08-29 12:55:52'),
(347, 'Barito Utara', 14, '2016-08-29 12:56:06', '2016-08-29 12:56:06'),
(348, 'Gunung Mas', 14, '2016-08-29 12:56:20', '2016-08-29 12:56:20'),
(349, 'Kapuas', 14, '2016-08-29 12:56:35', '2016-08-29 12:56:35'),
(350, 'Katingan', 14, '2016-08-29 12:56:48', '2016-08-29 12:56:48'),
(351, 'Kotawaringin Barat', 14, '2016-08-29 12:57:00', '2016-08-29 12:57:00'),
(352, 'Kotawaringin Timur', 14, '2016-08-29 12:57:12', '2016-08-29 12:57:12'),
(353, 'Lamandau', 14, '2016-08-29 12:57:26', '2016-08-29 12:57:26'),
(354, 'Murung Raya', 14, '2016-08-29 12:57:40', '2016-08-29 12:57:40'),
(355, 'Pulang Pisau', 14, '2016-08-29 12:58:01', '2016-08-29 12:58:01'),
(356, 'Sukamara', 14, '2016-08-29 12:58:13', '2016-08-29 12:58:13'),
(357, 'Seruyan', 14, '2016-08-29 12:58:25', '2016-08-29 12:58:25'),
(358, 'Palangka Raya', 14, '2016-08-29 12:58:42', '2016-08-29 12:58:42'),
(359, 'Berau', 15, '2016-08-29 12:59:45', '2016-08-29 12:59:45'),
(360, 'Kutai Barat', 15, '2016-08-29 12:59:57', '2016-08-29 12:59:57'),
(361, 'Kutai Kartanegara', 15, '2016-08-29 13:00:11', '2016-08-29 13:00:11'),
(362, 'Kutai Timur', 15, '2016-08-29 13:00:26', '2016-08-29 13:00:26'),
(363, 'Mahakam Ulu', 15, '2016-08-29 13:00:36', '2016-08-29 13:00:36'),
(364, 'Paser', 15, '2016-08-29 13:00:49', '2016-08-29 13:00:49'),
(365, 'Penajam Paser Utara', 15, '2016-08-29 13:01:17', '2016-08-29 13:01:17'),
(366, 'Balikpapan', 15, '2016-08-29 13:01:31', '2016-08-29 13:01:31'),
(367, 'Bontang', 15, '2016-08-29 13:01:43', '2016-08-29 13:01:43'),
(368, 'Samarinda', 15, '2016-08-29 13:01:56', '2016-08-29 13:01:56'),
(369, 'Bulungan', 16, '2016-08-29 13:02:11', '2016-08-29 13:02:11'),
(370, 'Malinau', 16, '2016-08-29 13:02:27', '2016-08-29 13:02:27'),
(371, 'Nunukan', 16, '2016-08-29 13:02:38', '2016-08-29 13:02:38'),
(372, 'Tana Tidung', 16, '2016-08-29 13:02:51', '2016-08-29 13:02:51'),
(373, 'Tarakan', 16, '2016-08-29 13:03:06', '2016-08-29 13:03:06'),
(374, 'Boalemo', 10, '2016-08-29 13:03:52', '2016-08-29 13:03:52'),
(375, 'Bone Bolango', 10, '2016-08-29 13:04:27', '2016-08-29 13:04:27'),
(376, 'Gorontalo', 10, '2016-08-29 13:04:55', '2016-08-29 13:04:55'),
(377, 'Gorontalo Utara', 10, '2016-08-29 13:05:22', '2016-08-29 13:05:22'),
(378, 'Pohuwato', 10, '2016-08-29 13:05:38', '2016-08-29 13:05:38'),
(379, 'Gorontalo Kota', 10, '2016-08-29 13:05:55', '2016-08-29 13:05:55'),
(380, 'Bantaeng', 28, '2016-08-29 13:06:24', '2016-08-29 13:06:24'),
(381, 'Barru', 28, '2016-08-29 13:06:49', '2016-08-29 13:06:49'),
(382, 'Bone', 28, '2016-08-29 13:07:07', '2016-08-29 13:07:07'),
(383, 'Bulukumba', 28, '2016-08-29 13:07:26', '2016-08-29 13:07:26'),
(384, 'Enrekang', 27, '2016-08-29 13:07:49', '2016-08-29 13:07:49'),
(385, 'Gowa', 28, '2016-08-29 13:08:13', '2016-08-29 13:08:13'),
(386, 'Jeneponto', 28, '2016-08-29 13:08:31', '2016-08-29 13:08:31'),
(387, 'Kepulauan Selayar', 28, '2016-08-29 13:09:20', '2016-08-29 13:09:20'),
(388, 'Luwu', 28, '2016-08-29 13:09:36', '2016-08-29 13:09:36'),
(389, 'Luwu Timur', 28, '2016-08-29 13:10:29', '2016-08-29 13:10:29'),
(390, 'Luwu Utara', 28, '2016-08-29 13:10:56', '2016-08-29 13:10:56'),
(391, 'Maros', 29, '2016-08-29 13:11:23', '2016-08-29 13:11:23'),
(392, 'Pangkajene dan Kepulauan', 28, '2016-08-29 13:11:45', '2016-08-29 13:11:45'),
(393, 'Pinrang', 28, '2016-08-29 13:12:08', '2016-08-29 13:12:08'),
(394, 'Sidenreng Rappang', 28, '2016-08-29 13:12:23', '2016-08-29 13:12:23'),
(395, 'Sinjai', 28, '2016-08-29 13:12:42', '2016-08-29 13:12:42'),
(396, 'Soppeng', 28, '2016-08-29 13:13:00', '2016-08-29 13:13:00'),
(397, 'Takalar', 28, '2016-08-29 13:13:15', '2016-08-29 13:13:15'),
(398, 'Tana Toraja', 28, '2016-08-29 13:13:32', '2016-08-29 13:13:32'),
(399, 'Toraja Utara', 28, '2016-08-29 13:13:46', '2016-08-29 13:13:46'),
(400, 'Wajo', 28, '2016-08-29 13:14:02', '2016-08-29 13:14:02'),
(401, 'Makassar', 28, '2016-08-29 13:14:59', '2016-08-29 13:14:59'),
(402, 'Palopo', 28, '2016-08-29 13:15:20', '2016-08-29 13:15:20'),
(403, 'Parepare', 28, '2016-08-29 13:15:37', '2016-08-29 13:15:37'),
(404, 'Bombana', 30, '2016-08-29 13:16:39', '2016-08-29 13:16:39'),
(405, 'Buton', 30, '2016-08-29 13:16:59', '2016-08-29 13:16:59'),
(406, 'Buton Selatan', 30, '2016-08-29 13:17:23', '2016-08-29 13:17:23'),
(407, 'Buton Tengah', 30, '2016-08-29 13:17:42', '2016-08-29 13:17:42'),
(408, 'Buton Utara', 30, '2016-08-29 13:18:04', '2016-08-29 13:18:04'),
(409, 'Kolaka', 30, '2016-08-29 13:18:18', '2016-08-29 13:18:18'),
(410, 'Kolaka Timur', 30, '2016-08-29 13:18:36', '2016-08-29 13:18:36'),
(411, 'Kolaka Utara', 30, '2016-08-29 13:18:52', '2016-08-29 13:18:52'),
(412, 'Konawe', 30, '2016-08-29 13:19:47', '2016-08-29 13:19:47'),
(413, 'Konawe Kepulauan', 30, '2016-08-29 13:20:02', '2016-08-29 13:20:02'),
(414, 'Konawe Selatan', 30, '2016-08-29 13:20:29', '2016-08-29 13:20:29'),
(415, 'Konawe Utara', 30, '2016-08-29 13:20:45', '2016-08-29 13:20:45'),
(416, 'Muna', 30, '2016-08-29 13:21:02', '2016-08-29 13:21:02'),
(417, 'Muna Barat', 30, '2016-08-29 13:21:21', '2016-08-29 13:21:21'),
(418, 'Wakatobi', 30, '2016-08-29 13:21:36', '2016-08-29 13:21:36'),
(419, 'Bau-Bau', 30, '2016-08-29 13:22:14', '2016-08-29 13:22:14'),
(420, 'Kendari', 30, '2016-08-29 13:22:28', '2016-08-29 13:22:28'),
(421, 'Banggai', 29, '2016-08-29 13:24:15', '2016-08-29 13:24:15'),
(422, 'Banggai Kepulauan', 29, '2016-08-29 13:24:35', '2016-08-29 13:24:35'),
(423, 'Banggai Laut', 29, '2016-08-29 13:24:51', '2016-08-29 13:24:51'),
(424, 'Buol', 29, '2016-08-29 13:25:05', '2016-08-29 13:25:05'),
(425, 'Donggala', 29, '2016-08-29 13:25:28', '2016-08-29 13:25:28'),
(426, 'Morowali', 29, '2016-08-29 13:25:39', '2016-08-29 13:25:39'),
(427, 'Morowali Utara', 29, '2016-08-29 13:25:57', '2016-08-29 13:25:57'),
(428, 'Parigi Moutong', 29, '2016-08-29 13:26:16', '2016-08-29 13:26:16'),
(429, 'Kabupaten Poso', 29, '2016-08-29 13:26:36', '2016-08-29 13:26:36'),
(430, 'Sigi', 29, '2016-08-29 13:26:53', '2016-08-29 13:26:53'),
(431, 'Tojo Una-Una', 29, '2016-08-29 13:27:19', '2016-08-29 13:27:19'),
(432, 'Tolitoli', 29, '2016-08-29 13:27:33', '2016-08-29 13:27:33'),
(433, 'Tolitoli', 29, '2016-08-29 13:27:33', '2016-08-29 13:27:33'),
(434, 'Palu', 29, '2016-08-29 13:27:46', '2016-08-29 13:27:46'),
(435, 'Bolaang Mongondow', 31, '2016-08-29 13:28:35', '2016-08-29 13:28:35'),
(436, 'Kabupaten Bolaang Mongondow Selatan', 31, '2016-08-29 13:29:15', '2016-08-29 13:29:15'),
(437, 'Bolaang Mongondow Timur', 31, '2016-08-29 13:29:39', '2016-08-29 13:29:39'),
(438, 'Bolaang Mongondow Utara', 31, '2016-08-29 13:30:10', '2016-08-29 13:30:10'),
(439, 'Kepulauan Sangihe', 31, '2016-08-29 13:30:23', '2016-08-29 13:30:23'),
(440, 'Kepulauan Siau Tagulandang Biaro', 31, '2016-08-29 13:30:56', '2016-08-29 13:30:56'),
(441, 'Kepulauan Talaud', 31, '2016-08-29 13:31:31', '2016-08-29 13:31:31'),
(442, 'Minahasa', 31, '2016-08-29 13:31:49', '2016-08-29 13:31:49'),
(443, 'Minahasa Selatan', 31, '2016-08-29 13:32:12', '2016-08-29 13:32:12'),
(444, 'Minahasa Tenggara', 31, '2016-08-29 13:32:31', '2016-08-29 13:32:31'),
(445, 'Minahasa Utara', 31, '2016-08-29 13:33:00', '2016-08-29 13:33:00'),
(446, 'Bitung', 31, '2016-08-29 13:33:18', '2016-08-29 13:33:18'),
(447, 'Kotamobagu', 31, '2016-08-29 13:33:34', '2016-08-29 13:33:34'),
(448, 'Manado', 31, '2016-08-29 13:33:52', '2016-08-29 13:33:52'),
(449, 'Tomohon', 31, '2016-08-29 13:34:06', '2016-08-29 13:34:06'),
(450, 'Majene', 27, '2016-08-29 13:34:36', '2016-08-29 13:34:36'),
(451, 'Mamasa', 27, '2016-08-29 13:34:59', '2016-08-29 13:34:59'),
(452, 'Mamuju', 27, '2016-08-29 13:35:13', '2016-08-29 13:35:13'),
(453, 'Mamuju Tengah', 27, '2016-08-29 13:35:26', '2016-08-29 13:35:26'),
(454, 'Mamuju Utara', 27, '2016-08-29 13:35:42', '2016-08-29 13:35:42'),
(455, 'Polewali Mandar', 27, '2016-08-29 13:36:02', '2016-08-29 13:36:02'),
(462, 'Buru', 20, '2016-08-29 13:59:16', '2016-08-29 13:59:16'),
(463, 'Kepulauan Aru', 20, '2016-08-29 14:01:15', '2016-08-29 14:01:15'),
(464, 'Maluku Barat Daya', 20, '2016-08-29 14:01:47', '2016-08-29 14:01:47'),
(465, 'Maluku Tengah', 20, '2016-08-29 14:02:09', '2016-08-29 14:02:09'),
(466, 'Maluku Tenggara', 20, '2016-08-29 14:02:24', '2016-08-29 14:02:24'),
(467, 'Maluku Tenggara Barat', 20, '2016-08-29 14:02:53', '2016-08-29 14:02:53'),
(468, 'Seram Bagian Barat', 20, '2016-08-29 14:03:07', '2016-08-29 14:03:07'),
(469, 'Seram Bagian Timur', 20, '2016-08-29 14:03:22', '2016-08-29 14:03:22'),
(470, 'Ambon', 20, '2016-08-29 14:03:36', '2016-08-29 14:03:36'),
(471, 'Tual', 20, '2016-08-29 14:04:05', '2016-08-29 14:04:05'),
(472, 'Halmahera Barat', 21, '2016-08-29 14:07:20', '2016-08-29 14:07:20'),
(473, 'Halmahera Tengah', 21, '2016-08-29 14:07:47', '2016-08-29 14:07:47'),
(474, 'Halmahera Timur', 21, '2016-08-29 14:08:07', '2016-08-29 14:08:07'),
(475, 'Halmahera Selatan', 21, '2016-08-29 14:08:48', '2016-08-29 14:08:48'),
(476, 'Halmahera Utara', 21, '2016-08-29 14:09:05', '2016-08-29 14:09:05'),
(477, 'Kepulauan Sula', 20, '2016-08-29 14:09:24', '2016-08-29 14:09:24'),
(478, 'Pulau Morotai', 21, '2016-08-29 14:09:42', '2016-08-29 14:09:42'),
(479, 'Pulau Taliabu', 21, '2016-08-29 14:10:06', '2016-08-29 14:10:06'),
(480, 'Ternate', 21, '2016-08-29 14:10:35', '2016-08-29 14:10:35'),
(481, 'Tidore Kepulauan', 21, '2016-08-29 14:10:59', '2016-08-29 14:10:59'),
(482, 'Asmat', 24, '2016-08-30 06:10:31', '2016-08-30 06:10:31'),
(483, 'Biak Numfor', 24, '2016-08-30 06:10:47', '2016-08-30 06:10:47'),
(484, 'Boven Digoel', 24, '2016-08-30 06:11:27', '2016-08-30 06:11:27'),
(485, 'Boven Digoel', 24, '2016-08-30 06:11:46', '2016-08-30 06:11:46'),
(486, 'Deiyai', 24, '2016-08-30 06:12:32', '2016-08-30 06:12:32'),
(487, 'Dogiyai', 24, '2016-08-30 06:12:50', '2016-08-30 06:12:50'),
(488, 'Intan Jaya', 24, '2016-08-30 06:13:05', '2016-08-30 06:13:05'),
(489, 'Jayapura', 24, '2016-08-30 06:19:09', '2016-08-30 06:19:09'),
(490, 'Jayawijaya', 24, '2016-08-30 06:20:02', '2016-08-30 06:20:02'),
(491, 'Keerom', 24, '2016-08-30 06:20:20', '2016-08-30 06:20:20'),
(492, 'Kepulauan Yapen', 24, '2016-08-30 06:20:35', '2016-08-30 06:20:35'),
(493, 'Lanny Jaya', 24, '2016-08-30 06:20:49', '2016-08-30 06:20:49'),
(494, 'Mamberamo Raya', 24, '2016-08-30 06:23:11', '2016-08-30 06:23:11'),
(495, 'Mamberamo Tengah', 24, '2016-08-30 06:23:31', '2016-08-30 06:23:31'),
(496, 'Mappi', 24, '2016-08-30 06:23:47', '2016-08-30 06:23:47'),
(497, 'Merauke', 24, '2016-08-30 06:24:56', '2016-08-30 06:24:56'),
(498, 'Mimika', 24, '2016-08-30 06:25:10', '2016-08-30 06:25:10'),
(499, 'Nabire', 24, '2016-08-30 06:25:23', '2016-08-30 06:25:23'),
(500, 'Nduga', 24, '2016-08-30 06:26:20', '2016-08-30 06:26:20'),
(501, 'Paniai', 24, '2016-08-30 06:26:42', '2016-08-30 06:26:42'),
(502, 'Pegunungan Bintang 	', 24, '2016-08-30 06:27:05', '2016-08-30 06:27:05'),
(503, 'Puncak', 24, '2016-08-30 06:27:15', '2016-08-30 06:27:15'),
(504, 'Puncak Jaya', 24, '2016-08-30 06:27:33', '2016-08-30 06:27:33'),
(505, 'Sarmi', 24, '2016-08-30 06:28:43', '2016-08-30 06:28:43'),
(506, 'Supiori', 24, '2016-08-30 06:29:02', '2016-08-30 06:29:02'),
(507, 'Tolikara', 24, '2016-08-30 06:29:18', '2016-08-30 06:29:18'),
(508, 'Waropen', 24, '2016-08-30 06:29:36', '2016-08-30 06:29:36'),
(509, 'Yahukimo', 24, '2016-08-30 06:29:54', '2016-08-30 06:29:54'),
(510, 'Yalimo', 24, '2016-08-30 06:30:08', '2016-08-30 06:30:08'),
(511, 'Jayapura Kota', 24, '2016-08-30 06:30:35', '2016-08-30 06:30:35'),
(512, 'Fakfak', 25, '2016-08-30 06:32:32', '2016-08-30 06:32:32'),
(513, 'Kaimana', 25, '2016-08-30 06:32:53', '2016-08-30 06:32:53'),
(514, 'Manokwari', 25, '2016-08-30 06:33:10', '2016-08-30 06:33:10'),
(515, 'Manokwari Selatan', 25, '2016-08-30 06:33:59', '2016-08-30 06:33:59'),
(516, 'Maybrat', 25, '2016-08-30 06:34:22', '2016-08-30 06:34:22'),
(517, 'Pegunungan Arfak', 25, '2016-08-30 06:34:42', '2016-08-30 06:34:42'),
(518, 'Raja Ampat', 25, '2016-08-30 06:36:08', '2016-08-30 06:36:08'),
(519, 'Sorong', 25, '2016-08-30 06:36:30', '2016-08-30 06:36:30'),
(520, 'Sorong Selatan', 25, '2016-08-30 06:37:01', '2016-08-30 06:37:01'),
(521, 'Tambrauw', 25, '2016-08-30 06:37:20', '2016-08-30 06:37:20'),
(522, 'Teluk Bintuni', 25, '2016-08-30 06:37:35', '2016-08-30 06:37:35'),
(523, 'Teluk Wondama', 25, '2016-08-30 06:37:58', '2016-08-30 06:37:58'),
(524, 'Sorong Kota', 25, '2016-08-30 06:38:26', '2016-08-30 06:38:26');

-- --------------------------------------------------------

--
-- Table structure for table `levels`
--

CREATE TABLE `levels` (
  `id` int(10) UNSIGNED NOT NULL,
  `name` varchar(255) COLLATE utf8_unicode_ci NOT NULL,
  `sequence` int(10) UNSIGNED NOT NULL,
  `created_at` timestamp NULL DEFAULT NULL,
  `updated_at` timestamp NULL DEFAULT NULL
) ENGINE=InnoDB DEFAULT CHARSET=utf8 COLLATE=utf8_unicode_ci;

--
-- Dumping data for table `levels`
--

INSERT INTO `levels` (`id`, `name`, `sequence`, `created_at`, `updated_at`) VALUES
(2, 'Manager', 2, '2016-06-22 08:31:51', '2016-06-22 08:31:51'),
(3, 'Supervisor', 3, '2016-06-22 05:54:03', '2016-06-22 05:54:03'),
(4, 'Operator', 4, '2016-08-30 06:43:34', '2016-08-30 06:43:34'),
(5, 'Staff', 5, '2016-08-30 06:43:55', '2016-08-30 06:43:55');

-- --------------------------------------------------------

--
-- Table structure for table `majors`
--

CREATE TABLE `majors` (
  `id` int(10) UNSIGNED NOT NULL,
  `name` varchar(255) NOT NULL,
  `created_at` timestamp NULL DEFAULT NULL,
  `updated_at` timestamp NULL DEFAULT NULL
) ENGINE=InnoDB DEFAULT CHARSET=latin1;

-- --------------------------------------------------------

--
-- Table structure for table `marriage_statuses`
--

CREATE TABLE `marriage_statuses` (
  `id` int(10) UNSIGNED NOT NULL,
  `name` varchar(255) COLLATE utf8_unicode_ci NOT NULL,
  `created_at` timestamp NULL DEFAULT NULL,
  `updated_at` timestamp NULL DEFAULT NULL
) ENGINE=InnoDB DEFAULT CHARSET=utf8 COLLATE=utf8_unicode_ci;

--
-- Dumping data for table `marriage_statuses`
--

INSERT INTO `marriage_statuses` (`id`, `name`, `created_at`, `updated_at`) VALUES
(1, 'Single', '2016-06-18 19:00:46', '2016-06-18 19:00:46'),
(2, 'Married', '2016-06-18 19:00:53', '2016-06-18 19:00:53'),
(3, 'Janda / Duda', '2016-06-18 19:01:05', '2016-06-18 19:01:05');

-- --------------------------------------------------------

--
-- Table structure for table `password_resets`
--

CREATE TABLE `password_resets` (
  `email` varchar(255) COLLATE utf8_unicode_ci NOT NULL,
  `token` varchar(255) COLLATE utf8_unicode_ci NOT NULL,
  `created_at` timestamp NOT NULL DEFAULT CURRENT_TIMESTAMP ON UPDATE CURRENT_TIMESTAMP
) ENGINE=MyISAM DEFAULT CHARSET=utf8 COLLATE=utf8_unicode_ci;

-- --------------------------------------------------------

--
-- Table structure for table `positions`
--

CREATE TABLE `positions` (
  `id` int(10) UNSIGNED NOT NULL,
  `name` text COLLATE utf8_unicode_ci NOT NULL,
  `requirements` text COLLATE utf8_unicode_ci NOT NULL,
  `skills` text COLLATE utf8_unicode_ci NOT NULL,
  `average_salary` double(15,2) NOT NULL,
  `created_at` timestamp NULL DEFAULT NULL,
  `updated_at` timestamp NULL DEFAULT NULL
) ENGINE=InnoDB DEFAULT CHARSET=utf8 COLLATE=utf8_unicode_ci;

--
-- Dumping data for table `positions`
--

INSERT INTO `positions` (`id`, `name`, `requirements`, `skills`, `average_salary`, `created_at`, `updated_at`) VALUES
(8, 'Operator Mesin', '# Mampu mengoperasikan mesin', 'Mesin,CAD,CAM', 4000000.00, '2016-10-17 01:33:33', '2016-10-17 01:33:33');

-- --------------------------------------------------------

--
-- Table structure for table `provinces`
--

CREATE TABLE `provinces` (
  `id` int(10) UNSIGNED NOT NULL,
  `name` varchar(255) COLLATE utf8_unicode_ci NOT NULL,
  `created_at` timestamp NULL DEFAULT NULL,
  `updated_at` timestamp NULL DEFAULT NULL
) ENGINE=InnoDB DEFAULT CHARSET=utf8 COLLATE=utf8_unicode_ci;

--
-- Dumping data for table `provinces`
--

INSERT INTO `provinces` (`id`, `name`, `created_at`, `updated_at`) VALUES
(2, 'Jawa Timur', '2016-06-18 19:16:43', '2016-06-18 19:16:43'),
(3, 'Jawa Tengah', '2016-06-18 19:16:53', '2016-06-18 19:16:53'),
(4, 'D.K.I Jakarta', '2016-08-19 12:25:53', '2016-08-19 12:25:53'),
(5, 'Jawa Barat', '2016-08-19 12:26:09', '2016-08-19 12:26:09'),
(6, 'D.I.A Aceh', '2016-08-19 08:59:20', '2016-08-19 12:59:20'),
(7, 'Bali', '2016-08-19 12:29:17', '2016-08-19 12:29:17'),
(8, 'Banten', '2016-08-19 12:29:35', '2016-08-19 12:29:35'),
(9, 'Bengkulu', '2016-08-19 12:30:02', '2016-08-19 12:30:02'),
(10, 'Gorontalo', '2016-08-19 12:30:29', '2016-08-19 12:30:29'),
(11, 'Jambi', '2016-08-19 12:30:47', '2016-08-19 12:30:47'),
(12, 'Kalimantan Barat', '2016-08-19 12:31:08', '2016-08-19 12:31:08'),
(13, 'Kalimantan Selatan', '2016-08-19 12:31:31', '2016-08-19 12:31:31'),
(14, 'Kalimantan Tengah', '2016-08-19 12:31:48', '2016-08-19 12:31:48'),
(15, 'Kalimantan Timur', '2016-08-19 12:32:09', '2016-08-19 12:32:09'),
(16, 'Kalimantan Utara', '2016-08-19 12:32:31', '2016-08-19 12:32:31'),
(17, 'Kepulauan Bangka Belitung', '2016-08-19 12:32:58', '2016-08-19 12:32:58'),
(18, 'Kepulauan Riau', '2016-08-19 12:33:18', '2016-08-19 12:33:18'),
(19, 'Lampung', '2016-08-19 12:33:37', '2016-08-19 12:33:37'),
(20, 'Maluku', '2016-08-19 12:33:52', '2016-08-19 12:33:52'),
(21, 'Maluku Utara', '2016-08-19 12:34:07', '2016-08-19 12:34:07'),
(22, 'Nusa Tenggara Barat', '2016-08-19 12:34:37', '2016-08-19 12:34:37'),
(23, 'Nusa Tenggara Timur', '2016-08-19 12:35:03', '2016-08-19 12:35:03'),
(24, 'Papua', '2016-08-19 12:35:20', '2016-08-19 12:35:20'),
(25, 'Papua Barat', '2016-08-19 12:35:39', '2016-08-19 12:35:39'),
(26, 'Riau', '2016-08-19 12:55:44', '2016-08-19 12:55:44'),
(27, 'Sulawesi Barat', '2016-08-19 12:56:07', '2016-08-19 12:56:07'),
(28, 'Sulawesi Selatan', '2016-08-19 12:56:30', '2016-08-19 12:56:30'),
(29, 'Sulawesi Tengah', '2016-08-19 12:56:46', '2016-08-19 12:56:46'),
(30, 'Sulawesi Tenggara', '2016-08-19 12:57:12', '2016-08-19 12:57:12'),
(31, 'Sulawesi Utara', '2016-08-19 12:57:36', '2016-08-19 12:57:36'),
(32, 'Sumatra Barat', '2016-08-19 12:57:57', '2016-08-19 12:57:57'),
(33, 'Sumatra Selatan', '2016-08-19 12:58:16', '2016-08-19 12:58:16'),
(34, 'Sumatra Utara', '2016-08-19 12:58:36', '2016-08-19 12:58:36'),
(35, 'D.I.Y Yogyakarta', '2016-08-19 12:59:05', '2016-08-19 12:59:05');

-- --------------------------------------------------------

--
-- Table structure for table `religions`
--

CREATE TABLE `religions` (
  `id` int(10) UNSIGNED NOT NULL,
  `name` varchar(255) COLLATE utf8_unicode_ci NOT NULL,
  `created_at` timestamp NULL DEFAULT NULL,
  `updated_at` timestamp NULL DEFAULT NULL
) ENGINE=InnoDB DEFAULT CHARSET=utf8 COLLATE=utf8_unicode_ci;

--
-- Dumping data for table `religions`
--

INSERT INTO `religions` (`id`, `name`, `created_at`, `updated_at`) VALUES
(5, 'Hindu', '2016-08-19 07:56:33', '2016-08-19 07:56:33'),
(6, 'Kong Hu Chu', '2016-08-19 07:56:50', '2016-08-19 07:56:50'),
(7, 'Islam', '2016-08-19 08:09:58', '2016-08-19 08:09:58'),
(8, 'Buddha', '2016-08-24 07:30:57', '2016-08-24 07:30:57'),
(9, 'Kristen Protestan', '2016-08-24 07:30:58', '2016-08-24 07:30:58'),
(10, 'Katolik', '2016-08-24 07:30:58', '2016-08-24 07:30:58');

-- --------------------------------------------------------

--
-- Table structure for table `roles`
--

CREATE TABLE `roles` (
  `id` int(10) UNSIGNED NOT NULL,
  `name` varchar(255) COLLATE utf8_unicode_ci NOT NULL,
  `created_at` timestamp NULL DEFAULT NULL,
  `updated_at` timestamp NULL DEFAULT NULL
) ENGINE=InnoDB DEFAULT CHARSET=utf8 COLLATE=utf8_unicode_ci;

--
-- Dumping data for table `roles`
--

INSERT INTO `roles` (`id`, `name`, `created_at`, `updated_at`) VALUES
(1, 'admin', '2016-08-15 07:00:00', '2016-08-15 07:00:00'),
(2, 'filler', '2016-08-15 07:00:00', '2016-08-15 07:00:00'),
(3, 'activator', '2016-08-15 07:00:00', '2016-08-15 07:00:00');

-- --------------------------------------------------------

--
-- Table structure for table `schools`
--

CREATE TABLE `schools` (
  `id` int(10) UNSIGNED NOT NULL,
  `name` varchar(255) COLLATE utf8_unicode_ci NOT NULL,
  `created_at` timestamp NULL DEFAULT NULL,
  `updated_at` timestamp NULL DEFAULT NULL
) ENGINE=InnoDB DEFAULT CHARSET=utf8 COLLATE=utf8_unicode_ci;

--
-- Dumping data for table `schools`
--

INSERT INTO `schools` (`id`, `name`, `created_at`, `updated_at`) VALUES
(1, 'SMA 1', '2016-10-17 01:07:06', '2016-10-17 01:07:06');

-- --------------------------------------------------------

--
-- Table structure for table `selected_candidates`
--

CREATE TABLE `selected_candidates` (
  `id` int(10) UNSIGNED NOT NULL,
  `applicant_id` int(10) UNSIGNED NOT NULL,
  `status` varchar(255) COLLATE utf8_unicode_ci NOT NULL,
  `created_at` timestamp NULL DEFAULT NULL,
  `updated_at` timestamp NULL DEFAULT NULL
) ENGINE=MyISAM DEFAULT CHARSET=utf8 COLLATE=utf8_unicode_ci;

-- --------------------------------------------------------

--
-- Table structure for table `skills`
--

CREATE TABLE `skills` (
  `id` int(10) UNSIGNED NOT NULL,
  `name` varchar(255) COLLATE utf8_unicode_ci NOT NULL,
  `category` varchar(255) COLLATE utf8_unicode_ci NOT NULL,
  `created_at` timestamp NULL DEFAULT NULL,
  `updated_at` timestamp NULL DEFAULT NULL
) ENGINE=MyISAM DEFAULT CHARSET=utf8 COLLATE=utf8_unicode_ci;

--
-- Dumping data for table `skills`
--

INSERT INTO `skills` (`id`, `name`, `category`, `created_at`, `updated_at`) VALUES
(1, 'welding', '', NULL, NULL),
(2, 'sampling', '', NULL, NULL),
(3, 'HTML5', '', NULL, NULL),
(4, 'PHP\r\n', '', NULL, NULL),
(5, 'JavaScript', '', NULL, NULL),
(6, 'Product sampling', '', NULL, NULL),
(7, 'Financial analysing', '', NULL, NULL),
(8, 'Financial reporting\r\n', '', NULL, NULL),
(9, 'Tax analysing', '', NULL, NULL),
(10, 'UU Perpajakan', '', NULL, NULL),
(11, 'MySQL', '', NULL, NULL),
(12, 'Electronic System', '', NULL, NULL),
(13, 'CSS3', '', NULL, NULL);

-- --------------------------------------------------------

--
-- Table structure for table `sms_logs`
--

CREATE TABLE `sms_logs` (
  `id` int(10) UNSIGNED NOT NULL,
  `applicant_id` int(10) UNSIGNED NOT NULL,
  `status` varchar(255) COLLATE utf8_unicode_ci NOT NULL,
  `sms_content` text COLLATE utf8_unicode_ci NOT NULL,
  `sms_phone_number` varchar(255) COLLATE utf8_unicode_ci NOT NULL,
  `created_at` timestamp NULL DEFAULT NULL,
  `updated_at` timestamp NULL DEFAULT NULL
) ENGINE=InnoDB DEFAULT CHARSET=utf8 COLLATE=utf8_unicode_ci;

--
-- Dumping data for table `sms_logs`
--

INSERT INTO `sms_logs` (`id`, `applicant_id`, `status`, `sms_content`, `sms_phone_number`, `created_at`, `updated_at`) VALUES
(1, 1, '0', 'Kirim SMS', '085711559779', '2016-10-17 02:38:27', '2016-10-17 02:38:27');

-- --------------------------------------------------------

--
-- Table structure for table `users`
--

CREATE TABLE `users` (
  `id` int(10) UNSIGNED NOT NULL,
  `name` varchar(255) COLLATE utf8_unicode_ci NOT NULL,
  `email` varchar(255) COLLATE utf8_unicode_ci NOT NULL,
  `password` varchar(255) COLLATE utf8_unicode_ci NOT NULL,
  `remember_token` varchar(100) COLLATE utf8_unicode_ci DEFAULT NULL,
  `created_at` timestamp NULL DEFAULT NULL,
  `updated_at` timestamp NULL DEFAULT NULL,
  `role_id` int(10) UNSIGNED DEFAULT NULL
) ENGINE=InnoDB DEFAULT CHARSET=utf8 COLLATE=utf8_unicode_ci;

--
-- Dumping data for table `users`
--

INSERT INTO `users` (`id`, `name`, `email`, `password`, `remember_token`, `created_at`, `updated_at`, `role_id`) VALUES
(1, 'Imaniar', 'imaniar', '$2y$10$/endS1Gt27bR9vs/61uIYedV2b7f9YJ6TxImG.n/0KAB4mOYeWETm', NULL, '2016-10-27 22:21:18', '2016-10-27 22:21:18', NULL),
(2, 'Mayo', 'mayo@gmail.com', '$2y$10$2xlaRkipnPa3.lZtCA2f9Oth1ak1tlblI7cpwiyf579b90u/jR9aW', NULL, '2016-10-27 22:28:56', '2016-10-27 22:28:56', NULL),
(3, 'Pompipom', 'pompipom@gmail.com', '$2y$10$Z5qPVSgiL/SgoO0.yONiFukIxd7Zm.8GXYcK9kH4N6vL6kdLjDi0O', 'dkqrbCacvmIqHFGSWGXZpubXtB5smiQWJwjsrMdUevz5MGIQGczwQxDm9AIj', '2016-10-31 20:58:52', '2016-10-31 23:46:58', NULL),
(4, 'illiyin', 'illiyinstudio@gmail.com', '$2y$10$DvzgNRB1mkR5y28rjfEvGucuxx7GrzlwgvKDowSgLJgFDvZCAAYdC', 'Os6JtFbuwcR3EUqixn22UDz8k6DB171oUqKXs9yzOfhNkyAB5azOtoSe4zVm', '2016-10-31 23:51:01', '2016-11-01 00:35:05', NULL);

--
-- Indexes for dumped tables
--

--
-- Indexes for table `applicants`
--
ALTER TABLE `applicants`
  ADD PRIMARY KEY (`id`),
  ADD KEY `applicants_applicant_status_id_foreign` (`applicant_status_id`),
  ADD KEY `applicants_candidate_id_foreign` (`candidate_id`),
  ADD KEY `applicants_job_opening_id_foreign` (`job_opening_id`);

--
-- Indexes for table `applicant_statuses`
--
ALTER TABLE `applicant_statuses`
  ADD PRIMARY KEY (`id`);

--
-- Indexes for table `candidates`
--
ALTER TABLE `candidates`
  ADD PRIMARY KEY (`id`),
  ADD KEY `candidates_user_id_foreign` (`user_id`),
  ADD KEY `candidates_tempat_lahir_city_id_foreign` (`tempat_lahir_city_id`),
  ADD KEY `candidates_domisili_city_id_foreign` (`domisili_city_id`),
  ADD KEY `candidates_tempat_lahir_province_id_foreign` (`tempat_lahir_province_id`),
  ADD KEY `candidates_domisili_province_id_foreign` (`domisili_province_id`),
  ADD KEY `candidates_candidate_status_id_foreign` (`candidate_status_id`),
  ADD KEY `candidates_sekolah_id_foreign` (`sekolah_id`),
  ADD KEY `candidates_agama_id_foreign` (`agama_id`),
  ADD KEY `candidates_marriage_status_id_foreign` (`marriage_status_id`);

--
-- Indexes for table `candidate_histories`
--
ALTER TABLE `candidate_histories`
  ADD PRIMARY KEY (`id`),
  ADD KEY `candidate_histories_candidate_id_foreign` (`candidate_id`),
  ADD KEY `candidate_histories_position_id_foreign` (`position_id`),
  ADD KEY `candidate_histories_company_id_foreign` (`company_id`);

--
-- Indexes for table `candidate_statuses`
--
ALTER TABLE `candidate_statuses`
  ADD PRIMARY KEY (`id`);

--
-- Indexes for table `cities`
--
ALTER TABLE `cities`
  ADD PRIMARY KEY (`id`);

--
-- Indexes for table `clothing_sizes`
--
ALTER TABLE `clothing_sizes`
  ADD PRIMARY KEY (`id`);

--
-- Indexes for table `companies`
--
ALTER TABLE `companies`
  ADD PRIMARY KEY (`id`);

--
-- Indexes for table `job_openings`
--
ALTER TABLE `job_openings`
  ADD PRIMARY KEY (`id`),
  ADD KEY `job_openings_job_opening_status_id_foreign` (`job_opening_status_id`),
  ADD KEY `job_openings_marriage_status_id_foreign` (`marriage_status_id`),
  ADD KEY `job_openings_company_id_foreign` (`company_id`),
  ADD KEY `job_openings_position_id_foreign` (`position_id`);

--
-- Indexes for table `job_opening_statuses`
--
ALTER TABLE `job_opening_statuses`
  ADD PRIMARY KEY (`id`);

--
-- Indexes for table `kabupatens`
--
ALTER TABLE `kabupatens`
  ADD PRIMARY KEY (`id`),
  ADD KEY `kabupatens_province_id_foreign` (`province_id`);

--
-- Indexes for table `levels`
--
ALTER TABLE `levels`
  ADD PRIMARY KEY (`id`);

--
-- Indexes for table `majors`
--
ALTER TABLE `majors`
  ADD PRIMARY KEY (`id`);

--
-- Indexes for table `marriage_statuses`
--
ALTER TABLE `marriage_statuses`
  ADD PRIMARY KEY (`id`);

--
-- Indexes for table `password_resets`
--
ALTER TABLE `password_resets`
  ADD KEY `password_resets_email_index` (`email`),
  ADD KEY `password_resets_token_index` (`token`);

--
-- Indexes for table `positions`
--
ALTER TABLE `positions`
  ADD PRIMARY KEY (`id`);

--
-- Indexes for table `provinces`
--
ALTER TABLE `provinces`
  ADD PRIMARY KEY (`id`);

--
-- Indexes for table `religions`
--
ALTER TABLE `religions`
  ADD PRIMARY KEY (`id`);

--
-- Indexes for table `roles`
--
ALTER TABLE `roles`
  ADD PRIMARY KEY (`id`);

--
-- Indexes for table `schools`
--
ALTER TABLE `schools`
  ADD PRIMARY KEY (`id`);

--
-- Indexes for table `selected_candidates`
--
ALTER TABLE `selected_candidates`
  ADD PRIMARY KEY (`id`),
  ADD KEY `selected_candidates_applicant_id_foreign` (`applicant_id`);

--
-- Indexes for table `skills`
--
ALTER TABLE `skills`
  ADD PRIMARY KEY (`id`);

--
-- Indexes for table `sms_logs`
--
ALTER TABLE `sms_logs`
  ADD PRIMARY KEY (`id`),
  ADD KEY `sms_logs_applicant_id_foreign` (`applicant_id`);

--
-- Indexes for table `users`
--
ALTER TABLE `users`
  ADD PRIMARY KEY (`id`),
  ADD UNIQUE KEY `users_email_unique` (`email`),
  ADD KEY `users_role_id_foreign` (`role_id`);

--
-- AUTO_INCREMENT for dumped tables
--

--
-- AUTO_INCREMENT for table `applicants`
--
ALTER TABLE `applicants`
  MODIFY `id` int(10) UNSIGNED NOT NULL AUTO_INCREMENT, AUTO_INCREMENT=2;
--
-- AUTO_INCREMENT for table `applicant_statuses`
--
ALTER TABLE `applicant_statuses`
  MODIFY `id` int(10) UNSIGNED NOT NULL AUTO_INCREMENT, AUTO_INCREMENT=9;
--
-- AUTO_INCREMENT for table `candidates`
--
ALTER TABLE `candidates`
  MODIFY `id` int(10) UNSIGNED NOT NULL AUTO_INCREMENT, AUTO_INCREMENT=2;
--
-- AUTO_INCREMENT for table `candidate_histories`
--
ALTER TABLE `candidate_histories`
  MODIFY `id` int(10) UNSIGNED NOT NULL AUTO_INCREMENT, AUTO_INCREMENT=2;
--
-- AUTO_INCREMENT for table `candidate_statuses`
--
ALTER TABLE `candidate_statuses`
  MODIFY `id` int(10) UNSIGNED NOT NULL AUTO_INCREMENT, AUTO_INCREMENT=8;
--
-- AUTO_INCREMENT for table `cities`
--
ALTER TABLE `cities`
  MODIFY `id` int(10) UNSIGNED NOT NULL AUTO_INCREMENT, AUTO_INCREMENT=491;
--
-- AUTO_INCREMENT for table `clothing_sizes`
--
ALTER TABLE `clothing_sizes`
  MODIFY `id` int(10) UNSIGNED NOT NULL AUTO_INCREMENT;
--
-- AUTO_INCREMENT for table `companies`
--
ALTER TABLE `companies`
  MODIFY `id` int(10) UNSIGNED NOT NULL AUTO_INCREMENT, AUTO_INCREMENT=2;
--
-- AUTO_INCREMENT for table `job_openings`
--
ALTER TABLE `job_openings`
  MODIFY `id` int(10) UNSIGNED NOT NULL AUTO_INCREMENT, AUTO_INCREMENT=15;
--
-- AUTO_INCREMENT for table `job_opening_statuses`
--
ALTER TABLE `job_opening_statuses`
  MODIFY `id` int(10) UNSIGNED NOT NULL AUTO_INCREMENT, AUTO_INCREMENT=3;
--
-- AUTO_INCREMENT for table `kabupatens`
--
ALTER TABLE `kabupatens`
  MODIFY `id` int(10) UNSIGNED NOT NULL AUTO_INCREMENT, AUTO_INCREMENT=525;
--
-- AUTO_INCREMENT for table `levels`
--
ALTER TABLE `levels`
  MODIFY `id` int(10) UNSIGNED NOT NULL AUTO_INCREMENT, AUTO_INCREMENT=6;
--
-- AUTO_INCREMENT for table `majors`
--
ALTER TABLE `majors`
  MODIFY `id` int(10) UNSIGNED NOT NULL AUTO_INCREMENT;
--
-- AUTO_INCREMENT for table `marriage_statuses`
--
ALTER TABLE `marriage_statuses`
  MODIFY `id` int(10) UNSIGNED NOT NULL AUTO_INCREMENT, AUTO_INCREMENT=4;
--
-- AUTO_INCREMENT for table `positions`
--
ALTER TABLE `positions`
  MODIFY `id` int(10) UNSIGNED NOT NULL AUTO_INCREMENT, AUTO_INCREMENT=9;
--
-- AUTO_INCREMENT for table `provinces`
--
ALTER TABLE `provinces`
  MODIFY `id` int(10) UNSIGNED NOT NULL AUTO_INCREMENT, AUTO_INCREMENT=36;
--
-- AUTO_INCREMENT for table `religions`
--
ALTER TABLE `religions`
  MODIFY `id` int(10) UNSIGNED NOT NULL AUTO_INCREMENT, AUTO_INCREMENT=11;
--
-- AUTO_INCREMENT for table `roles`
--
ALTER TABLE `roles`
  MODIFY `id` int(10) UNSIGNED NOT NULL AUTO_INCREMENT, AUTO_INCREMENT=4;
--
-- AUTO_INCREMENT for table `schools`
--
ALTER TABLE `schools`
  MODIFY `id` int(10) UNSIGNED NOT NULL AUTO_INCREMENT, AUTO_INCREMENT=2;
--
-- AUTO_INCREMENT for table `selected_candidates`
--
ALTER TABLE `selected_candidates`
  MODIFY `id` int(10) UNSIGNED NOT NULL AUTO_INCREMENT;
--
-- AUTO_INCREMENT for table `skills`
--
ALTER TABLE `skills`
  MODIFY `id` int(10) UNSIGNED NOT NULL AUTO_INCREMENT, AUTO_INCREMENT=14;
--
-- AUTO_INCREMENT for table `sms_logs`
--
ALTER TABLE `sms_logs`
  MODIFY `id` int(10) UNSIGNED NOT NULL AUTO_INCREMENT, AUTO_INCREMENT=2;
--
-- AUTO_INCREMENT for table `users`
--
ALTER TABLE `users`
  MODIFY `id` int(10) UNSIGNED NOT NULL AUTO_INCREMENT, AUTO_INCREMENT=5;
--
-- Constraints for dumped tables
--

--
-- Constraints for table `applicants`
--
ALTER TABLE `applicants`
  ADD CONSTRAINT `applicants_applicant_status_id_foreign` FOREIGN KEY (`applicant_status_id`) REFERENCES `applicant_statuses` (`id`) ON DELETE CASCADE ON UPDATE CASCADE,
  ADD CONSTRAINT `applicants_candidate_id_foreign` FOREIGN KEY (`candidate_id`) REFERENCES `candidates` (`id`) ON DELETE CASCADE ON UPDATE CASCADE,
  ADD CONSTRAINT `applicants_job_opening_id_foreign` FOREIGN KEY (`job_opening_id`) REFERENCES `job_openings` (`id`) ON DELETE CASCADE ON UPDATE CASCADE;

--
-- Constraints for table `candidates`
--
ALTER TABLE `candidates`
  ADD CONSTRAINT `candidates_agama_id_foreign` FOREIGN KEY (`agama_id`) REFERENCES `religions` (`id`),
  ADD CONSTRAINT `candidates_candidate_status_id_foreign` FOREIGN KEY (`candidate_status_id`) REFERENCES `candidate_statuses` (`id`),
  ADD CONSTRAINT `candidates_domisili_city_id_foreign` FOREIGN KEY (`domisili_city_id`) REFERENCES `cities` (`id`),
  ADD CONSTRAINT `candidates_domisili_province_id_foreign` FOREIGN KEY (`domisili_province_id`) REFERENCES `provinces` (`id`),
  ADD CONSTRAINT `candidates_marriage_status_id_foreign` FOREIGN KEY (`marriage_status_id`) REFERENCES `marriage_statuses` (`id`),
  ADD CONSTRAINT `candidates_sekolah_id_foreign` FOREIGN KEY (`sekolah_id`) REFERENCES `schools` (`id`),
  ADD CONSTRAINT `candidates_tempat_lahir_city_id_foreign` FOREIGN KEY (`tempat_lahir_city_id`) REFERENCES `cities` (`id`),
  ADD CONSTRAINT `candidates_tempat_lahir_province_id_foreign` FOREIGN KEY (`tempat_lahir_province_id`) REFERENCES `provinces` (`id`);

--
-- Constraints for table `candidate_histories`
--
ALTER TABLE `candidate_histories`
  ADD CONSTRAINT `candidate_histories_candidate_id_foreign` FOREIGN KEY (`candidate_id`) REFERENCES `candidates` (`id`) ON DELETE CASCADE ON UPDATE CASCADE,
  ADD CONSTRAINT `candidate_histories_company_id_foreign` FOREIGN KEY (`company_id`) REFERENCES `companies` (`id`) ON DELETE CASCADE ON UPDATE CASCADE,
  ADD CONSTRAINT `candidate_histories_position_id_foreign` FOREIGN KEY (`position_id`) REFERENCES `positions` (`id`) ON DELETE CASCADE ON UPDATE CASCADE;

--
-- Constraints for table `job_openings`
--
ALTER TABLE `job_openings`
  ADD CONSTRAINT `job_openings_company_id_foreign` FOREIGN KEY (`company_id`) REFERENCES `companies` (`id`) ON DELETE CASCADE ON UPDATE CASCADE,
  ADD CONSTRAINT `job_openings_job_opening_status_id_foreign` FOREIGN KEY (`job_opening_status_id`) REFERENCES `job_opening_statuses` (`id`) ON DELETE CASCADE ON UPDATE CASCADE,
  ADD CONSTRAINT `job_openings_marriage_status_id_foreign` FOREIGN KEY (`marriage_status_id`) REFERENCES `marriage_statuses` (`id`),
  ADD CONSTRAINT `job_openings_position_id_foreign` FOREIGN KEY (`position_id`) REFERENCES `positions` (`id`) ON DELETE CASCADE ON UPDATE CASCADE;

--
-- Constraints for table `kabupatens`
--
ALTER TABLE `kabupatens`
  ADD CONSTRAINT `kabupatens_province_id_foreign` FOREIGN KEY (`province_id`) REFERENCES `provinces` (`id`) ON DELETE CASCADE ON UPDATE CASCADE;

--
-- Constraints for table `sms_logs`
--
ALTER TABLE `sms_logs`
  ADD CONSTRAINT `sms_logs_applicant_id_foreign` FOREIGN KEY (`applicant_id`) REFERENCES `applicants` (`id`) ON DELETE CASCADE ON UPDATE CASCADE;

--
-- Constraints for table `users`
--
ALTER TABLE `users`
  ADD CONSTRAINT `users_role_id_foreign` FOREIGN KEY (`role_id`) REFERENCES `roles` (`id`) ON DELETE CASCADE ON UPDATE CASCADE;

/*!40101 SET CHARACTER_SET_CLIENT=@OLD_CHARACTER_SET_CLIENT */;
/*!40101 SET CHARACTER_SET_RESULTS=@OLD_CHARACTER_SET_RESULTS */;
/*!40101 SET COLLATION_CONNECTION=@OLD_COLLATION_CONNECTION */;
